week,timestamp,source_window,total_load,mean_od,p95_od,max_od,cv_od,next_total_load,relative_change
X01,2004-03-01T00:00:00,0,0.84614738,0.00587602,0.02543097,0.05222217,1.50504550,0.82435061,-0.02576002
X01,2004-03-01T00:40:00,8,0.83945097,0.00582952,0.02437581,0.05344212,1.54234694,0.80901839,-0.03625296
X01,2004-03-01T01:25:00,17,0.88562323,0.00615016,0.02517415,0.05903671,1.50503433,0.86617274,-0.02196249
X01,2004-03-01T02:05:00,25,0.86002558,0.00597240,0.02260765,0.05346254,1.47454954,0.87576943,0.01830626
X01,2004-03-01T02:50:00,34,0.90261314,0.00626815,0.02206451,0.06399292,1.46867176,0.86602596,-0.04053473
X01,2004-03-01T03:30:00,42,0.95646199,0.00664210,0.02595241,0.05700728,1.44668941,0.89452819,-0.06475301
X01,2004-03-01T04:15:00,51,0.88151381,0.00612162,0.02135978,0.06029288,1.44980954,0.89519729,0.01552271
X01,2004-03-01T04:55:00,59,0.88917217,0.00617481,0.02155084,0.05284911,1.42390218,0.87664776,-0.01408547
X01,2004-03-01T05:35:00,67,0.87374969,0.00606771,0.02243579,0.04588877,1.39438176,0.91112811,0.04277932
X01,2004-03-01T06:20:00,76,0.85806909,0.00595881,0.02291615,0.04990410,1.40012793,0.87483119,0.01953467
X01,2004-03-01T07:00:00,84,0.87639796,0.00608610,0.02512967,0.04608008,1.38489443,0.86633794,-0.01147882
X01,2004-03-01T07:45:00,93,0.87429329,0.00607148,0.02314107,0.05131268,1.44192228,0.85007670,-0.02769847
X01,2004-03-01T08:25:00,101,0.83048834,0.00576728,0.02120515,0.07112299,1.60139368,0.85970414,0.03517906
X01,2004-03-01T09:10:00,110,0.88981233,0.00617925,0.02141300,0.08242663,1.64240198,0.84324623,-0.05233250
X01,2004-03-01T09:50:00,118,0.84224583,0.00584893,0.01870724,0.10270211,1.89151971,0.80445232,-0.04487230
X01,2004-03-01T10:30:00,126,0.86596986,0.00601368,0.02184110,0.10102001,1.87443001,0.86030615,-0.00654030
X01,2004-03-01T11:15:00,135,0.79357223,0.00551092,0.02018948,0.09885205,1.98083061,0.79677493,0.00403581
X01,2004-03-01T11:55:00,143,0.77065470,0.00535177,0.02035754,0.08369220,1.88837204,0.88211331,0.14462847
X01,2004-03-01T12:40:00,152,0.81069704,0.00562984,0.02290821,0.08290504,1.90733006,0.79076518,-0.02458608
X01,2004-03-01T13:20:00,160,0.81298100,0.00564570,0.01957597,0.10569987,1.98985409,0.85116201,0.04696421
X01,2004-03-01T14:05:00,169,0.89215673,0.00619553,0.02221529,0.11536898,2.00945770,0.94370106,0.05777498
X01,2004-03-01T14:45:00,177,1.00535771,0.00698165,0.02839147,0.10628441,1.81825407,0.96301199,-0.04212006
X01,2004-03-01T15:25:00,185,1.06183021,0.00737382,0.02823125,0.11089238,1.75306184,1.10728523,0.04280819
X01,2004-03-01T16:10:00,194,1.09838785,0.00762769,0.02950663,0.10414993,1.65144599,1.09123575,-0.00651146
X01,2004-03-01T16:50:00,202,1.20265832,0.00835179,0.03269186,0.09909762,1.55853376,1.22665780,0.01995536
X01,2004-03-01T17:35:00,211,1.28933367,0.00895371,0.02949458,0.11260025,1.50205917,1.34281285,0.04147816
X01,2004-03-01T18:15:00,219,1.29736623,0.00900949,0.03197665,0.10644954,1.47954926,1.26461256,-0.02524628
X01,2004-03-01T19:00:00,228,1.30797944,0.00908319,0.03117983,0.07884696,1.32226856,1.24926903,-0.04488634
X01,2004-03-01T19:40:00,236,1.36392086,0.00947167,0.03521481,0.09680936,1.37186480,1.37351051,0.00703095
X01,2004-03-01T20:20:00,244,1.33500936,0.00927090,0.03018194,0.09830252,1.41054207,1.33689748,0.00141432
X01,2004-03-01T21:05:00,253,1.24564518,0.00865031,0.03064099,0.09252353,1.38377580,1.29023935,0.03580006
X01,2004-03-01T21:45:00,261,1.30884648,0.00908921,0.03095075,0.06956489,1.27396921,1.32297659,0.01079585
X01,2004-03-01T22:30:00,270,1.34050993,0.00930910,0.03292400,0.07960836,1.28511529,1.33259850,-0.00590181
X01,2004-03-01T23:10:00,278,1.46899072,0.01020132,0.03149395,0.28190769,2.46663480,1.36335802,-0.07190835
X01,2004-03-01T23:55:00,287,1.16795614,0.00811081,0.02858634,0.05791094,1.28460484,1.15597837,-0.01025532
X01,2004-03-02T00:35:00,295,1.16637466,0.00809982,0.02937177,0.06251695,1.31699860,1.19429186,0.02393502
X01,2004-03-02T01:20:00,304,1.15479508,0.00801941,0.03010433,0.05601395,1.32973712,1.29706179,0.12319651
X01,2004-03-02T02:00:00,312,1.20113303,0.00834120,0.03028280,0.05666721,1.33889875,1.18645235,-0.01222236
X01,2004-03-02T02:40:00,320,1.21174489,0.00841490,0.03281469,0.07027516,1.38920062,1.17698069,-0.02868937
X01,2004-03-02T03:25:00,329,1.18018013,0.00819570,0.02987838,0.07883529,1.38065100,1.16270571,-0.01480657
X01,2004-03-02T04:05:00,337,1.11087868,0.00771444,0.02563459,0.06519471,1.35775110,1.15379742,0.03863495
X01,2004-03-02T04:50:00,346,1.11942570,0.00777379,0.02500813,0.06363228,1.41588594,1.09211878,-0.02439369
X01,2004-03-02T05:30:00,354,1.11575835,0.00774832,0.02833070,0.07277417,1.35361362,1.11609223,0.00029924
X01,2004-03-02T06:15:00,363,1.06784402,0.00741558,0.02527190,0.07719100,1.41174318,1.05866535,-0.00859551
X01,2004-03-02T06:55:00,371,1.02969224,0.00715064,0.02534464,0.06831028,1.38362329,1.02338184,-0.00612843
X01,2004-03-02T07:35:00,379,1.09282607,0.00758907,0.02858297,0.07405062,1.43535166,1.11011866,0.01582373
X01,2004-03-02T08:20:00,388,1.02955871,0.00714971,0.02427385,0.08627745,1.51171850,1.04328569,0.01333288
X01,2004-03-02T09:00:00,396,1.06616811,0.00740395,0.02420509,0.09487848,1.55754954,0.97335162,-0.08705615
X01,2004-03-02T09:45:00,405,1.04082594,0.00722796,0.02642424,0.09842795,1.69169105,1.02447429,-0.01571027
X01,2004-03-02T10:25:00,413,1.04913934,0.00728569,0.02641864,0.12173830,1.83815709,1.02337469,-0.02455789
X01,2004-03-02T11:10:00,422,0.96302622,0.00668768,0.02522703,0.09918869,1.74796187,0.91795823,-0.04679830
X01,2004-03-02T11:50:00,430,0.89014484,0.00618156,0.02025318,0.08744895,1.73846348,0.87478187,-0.01725895
X01,2004-03-02T12:30:00,438,0.95847294,0.00665606,0.02685340,0.09667096,1.75694125,0.90267670,-0.05821368
X01,2004-03-02T13:15:00,447,0.96631512,0.00671052,0.02349056,0.10044582,1.75777826,0.97547757,0.00948185
X01,2004-03-02T13:55:00,455,0.96868314,0.00672697,0.02299226,0.09577428,1.75789425,1.02414388,0.05725374
X01,2004-03-02T14:40:00,464,1.13197260,0.00786092,0.02736402,0.10347909,1.69185772,1.09135297,-0.03588393
X01,2004-03-02T15:20:00,472,1.11661126,0.00775424,0.02811591,0.10761416,1.69094104,1.16304111,0.04158104
X01,2004-03-02T16:05:00,481,1.14070672,0.00792157,0.02833822,0.10424756,1.65255245,1.25004474,0.09585112
X01,2004-03-02T16:45:00,489,1.27544002,0.00885722,0.02936817,0.11239231,1.60366073,1.24643962,-0.02273756
X01,2004-03-02T17:25:00,497,1.24467812,0.00864360,0.02785297,0.09595936,1.53953708,1.23394285,-0.00862494
X01,2004-03-02T18:10:00,506,1.32201207,0.00918064,0.03127740,0.11038771,1.55725770,1.25543917,-0.05035726
X01,2004-03-02T18:50:00,514,1.28052342,0.00889252,0.03114279,0.09461927,1.45072843,1.29416640,0.01065422
X01,2004-03-02T19:35:00,523,1.34785105,0.00936008,0.03405506,0.08523125,1.43175530,1.34122678,-0.00491469
X01,2004-03-02T20:15:00,531,1.32991065,0.00923549,0.03096360,0.09502476,1.47345555,1.26378426,-0.04972243
X01,2004-03-02T21:00:00,540,1.27145910,0.00882958,0.02778160,0.07938304,1.36593607,1.26698484,-0.00351900
X01,2004-03-02T21:40:00,548,1.30763663,0.00908081,0.03155759,0.09475369,1.39785125,1.26449096,-0.03299515
X01,2004-03-02T22:20:00,556,1.24834916,0.00866909,0.03158633,0.09750184,1.42745540,1.21605342,-0.02587076
X01,2004-03-02T23:05:00,565,1.13760791,0.00790005,0.02812348,0.06166846,1.30592911,1.16149663,0.02099908
X01,2004-03-02T23:45:00,573,1.14782053,0.00797098,0.02859787,0.05817698,1.28567442,1.10629087,-0.03618132
X01,2004-03-03T00:30:00,582,1.11749419,0.00776038,0.02766687,0.06113009,1.26958299,1.10101335,-0.01474804
X01,2004-03-03T01:10:00,590,1.16791231,0.00811050,0.02859316,0.06857100,1.31549163,1.08361450,-0.07217820
X01,2004-03-03T01:55:00,599,1.01982002,0.00708208,0.02566630,0.06507074,1.35036375,1.06009783,0.03949502
X01,2004-03-03T02:35:00,607,1.05133794,0.00730096,0.02547420,0.06885538,1.31379728,1.05444290,0.00295334
X01,2004-03-03T03:15:00,615,1.03834406,0.00721072,0.02309111,0.08072406,1.42389395,1.04218028,0.00369455
X01,2004-03-03T04:00:00,624,1.05163030,0.00730299,0.02424206,0.06886362,1.37868969,1.03755736,-0.01338202
X01,2004-03-03T04:40:00,632,1.05095074,0.00729827,0.02421344,0.07587270,1.38556990,1.06093971,0.00950470
X01,2004-03-03T05:25:00,641,0.98742515,0.00685712,0.02239078,0.06570692,1.36410804,1.02735645,0.04043983
X01,2004-03-03T06:05:00,649,0.93872125,0.00651890,0.02239087,0.06707124,1.41737596,0.96135138,0.02410740
X01,2004-03-03T06:50:00,658,0.95652677,0.00664255,0.02176920,0.07089502,1.48851711,0.92611835,-0.03179045
X01,2004-03-03T07:30:00,666,1.00532912,0.00698145,0.02405172,0.06588993,1.44673935,1.00505624,-0.00027144
X01,2004-03-03T08:10:00,674,0.97010687,0.00673685,0.02513547,0.08760828,1.59399419,0.92599041,-0.04547588
X01,2004-03-03T08:55:00,683,0.93845192,0.00651703,0.02395693,0.09152302,1.63037402,0.95304605,0.01555128
X01,2004-03-03T09:35:00,691,0.95946948,0.00666298,0.02369092,0.10557544,1.75382926,0.99864599,0.04083143
X01,2004-03-03T10:20:00,700,0.88031252,0.00611328,0.02056010,0.09822502,1.75950545,0.90616320,0.02936534
X01,2004-03-03T11:00:00,708,0.96447043,0.00669771,0.02323506,0.10685454,1.77194311,0.91012903,-0.05634325
X01,2004-03-03T11:45:00,717,0.89255011,0.00619826,0.02239113,0.10100025,1.82575514,0.88124933,-0.01266123
X01,2004-03-03T12:25:00,725,0.89517826,0.00621652,0.02343312,0.09383757,1.75927576,0.88956036,-0.00627573
X01,2004-03-03T13:05:00,733,0.84339959,0.00585694,0.02303556,0.08713686,1.75672528,0.90989984,0.07884786
X01,2004-03-03T13:50:00,742,0.90488843,0.00628395,0.02389059,0.10483872,1.81480727,0.90792087,0.00335117
X01,2004-03-03T14:30:00,750,1.02105098,0.00709063,0.02625996,0.10155249,1.70392195,0.99820733,-0.02237269
X01,2004-03-03T15:15:00,759,1.11039176,0.00771105,0.02790533,0.11084091,1.95082495,1.08112575,-0.02635647
X01,2004-03-03T15:55:00,767,1.08562458,0.00753906,0.02993468,0.09877841,1.63484816,1.15618566,0.06499584
X01,2004-03-03T16:40:00,776,1.24738999,0.00866243,0.03585501,0.09555244,1.58319284,1.23574318,-0.00933695
X01,2004-03-03T17:20:00,784,1.14894135,0.00797876,0.02863248,0.08672619,1.56150700,1.19278154,0.03815703
X01,2004-03-03T18:05:00,793,1.41818663,0.00984852,0.03533304,0.18523170,2.05407177,1.38045112,-0.02660828
X01,2004-03-03T18:45:00,801,1.24264841,0.00862950,0.02963914,0.07331933,1.39054557,1.22609603,-0.01332024
X01,2004-03-03T19:25:00,809,1.26449082,0.00878119,0.03265287,0.07573103,1.44994724,1.28743527,0.01814521
X01,2004-03-03T20:10:00,818,1.25212396,0.00869531,0.02937571,0.07509861,1.34107832,1.22672403,-0.02028548
X01,2004-03-03T20:50:00,826,1.28213787,0.00890374,0.03194497,0.07911545,1.40175564,1.31540121,0.02594366
X01,2004-03-03T21:35:00,835,1.25711660,0.00872998,0.03133722,0.08483044,1.37449481,1.31540390,0.04636587
X01,2004-03-03T22:15:00,843,1.30500946,0.00906257,0.03395090,0.09310600,1.41256182,1.30989618,0.00374459
X01,2004-03-03T23:00:00,852,1.26516710,0.00878588,0.03178128,0.07031355,1.35718380,1.27270717,0.00595974
X01,2004-03-03T23:40:00,860,1.31823494,0.00915441,0.03491507,0.06733936,1.32206572,1.23887633,-0.06020065
X01,2004-03-04T00:20:00,868,1.23888607,0.00860338,0.02978849,0.07938263,1.46526742,1.15799526,-0.06529318
X01,2004-03-04T01:05:00,877,1.16966449,0.00812267,0.02779586,0.07320789,1.46982731,1.22321830,0.04578562
X01,2004-03-04T01:45:00,885,1.54696281,0.01074280,0.03405193,0.41375337,3.30998052,1.09805514,-0.29018646
X01,2004-03-04T02:30:00,894,1.19477431,0.00829704,0.03069832,0.06027919,1.36372037,1.18425823,-0.00880173
X01,2004-03-04T03:10:00,902,1.18892187,0.00825640,0.03082700,0.06303487,1.38211545,1.14762422,-0.03473537
X01,2004-03-04T03:55:00,911,1.10404893,0.00766701,0.03266530,0.06187931,1.40713408,1.14987180,0.04150438
X01,2004-03-04T04:35:00,919,1.09894097,0.00763153,0.03093026,0.06085258,1.38546883,1.10270758,0.00342749
X01,2004-03-04T05:15:00,927,1.07585049,0.00747118,0.02602815,0.07506264,1.47182741,1.06199981,-0.01287417
X01,2004-03-04T06:00:00,936,1.06060515,0.00736531,0.02973224,0.05376852,1.37268216,1.03768648,-0.02160905
X01,2004-03-04T06:40:00,944,1.12009183,0.00777842,0.03492615,0.05898298,1.44610758,1.07967608,-0.03608254
X01,2004-03-04T07:25:00,953,1.06502892,0.00739603,0.03148945,0.05696762,1.33767945,1.05300342,-0.01129124
X01,2004-03-04T08:05:00,961,1.04649162,0.00726730,0.03276244,0.07339112,1.51642526,1.09286937,0.04431736
X01,2004-03-04T08:50:00,970,1.02910267,0.00714655,0.02786199,0.08436006,1.50690062,1.01191905,-0.01669768
X01,2004-03-04T09:30:00,978,1.10942376,0.00770433,0.02798452,0.09262445,1.53747671,1.08048077,-0.02608831
X01,2004-03-04T10:10:00,986,1.08606559,0.00754212,0.02789349,0.09345533,1.59474556,1.04207944,-0.04050045
X01,2004-03-04T10:55:00,995,1.00535254,0.00698161,0.02449383,0.08951826,1.72026707,1.04651479,0.04094310
X01,2004-03-04T11:35:00,1003,0.98476475,0.00683864,0.02592417,0.09217947,1.75477903,1.06194099,0.07837023
X01,2004-03-04T12:20:00,1012,0.98283416,0.00682524,0.02669784,0.09790091,1.77960597,0.98514874,0.00235501
X01,2004-03-04T13:00:00,1020,1.01718837,0.00706381,0.02783314,0.10663218,1.79072315,0.99373338,-0.02305865
X01,2004-03-04T13:45:00,1029,1.01492611,0.00704810,0.02659690,0.09831254,1.74837658,0.99702116,-0.01764163
X01,2004-03-04T14:25:00,1037,1.05673237,0.00733842,0.02669852,0.10136211,1.73489426,1.09621367,0.03736168
X01,2004-03-04T15:05:00,1045,1.13653772,0.00789262,0.02776089,0.11036068,1.80842984,1.22120345,0.07449443
X01,2004-03-04T15:50:00,1054,1.17247854,0.00814221,0.02932888,0.12352928,1.75443625,1.19425257,0.01857094
X01,2004-03-04T16:30:00,1062,1.27452811,0.00885089,0.03344031,0.10643590,1.52121412,1.29759546,0.01809874
X01,2004-03-04T17:15:00,1071,1.32847070,0.00922549,0.03485104,0.10673655,1.54767866,1.32250183,-0.00449304
X01,2004-03-04T17:55:00,1079,1.26559932,0.00878888,0.02904036,0.09065773,1.47325413,1.31516299,0.03916221
X01,2004-03-04T18:40:00,1088,1.41285290,0.00981148,0.03600402,0.09101090,1.41359550,1.36356419,-0.03488595
X01,2004-03-04T19:20:00,1096,1.33578652,0.00927630,0.03393060,0.09661868,1.47725114,1.38107759,0.03390592
X01,2004-03-04T20:00:00,1104,1.37901563,0.00957650,0.03461939,0.09314888,1.43468318,1.39007578,0.00802032
X01,2004-03-04T20:45:00,1113,1.33103128,0.00924327,0.03230391,0.08722010,1.43537257,1.34676718,0.01182234
X01,2004-03-04T21:25:00,1121,1.32535068,0.00920382,0.02856776,0.07600239,1.35349693,1.35319430,0.02100850
X01,2004-03-04T22:10:00,1130,1.28078921,0.00889437,0.02630557,0.07277772,1.27809976,1.33958471,0.04590568
X01,2004-03-04T22:50:00,1138,1.26795964,0.00880528,0.02532800,0.07270761,1.30736420,1.28787546,0.01570698
X01,2004-03-04T23:35:00,1147,1.20745973,0.00838514,0.02892403,0.06461987,1.27475982,1.21636348,0.00737395
X01,2004-03-05T00:15:00,1155,1.16118025,0.00806375,0.02872730,0.07916684,1.35540507,1.15477777,-0.00551377
X01,2004-03-05T00:55:00,1163,1.10726279,0.00768932,0.03081895,0.06449249,1.37982573,1.13675711,0.02663715
X01,2004-03-05T01:40:00,1172,1.17411111,0.00815355,0.03053732,0.06577989,1.40481178,1.13762680,-0.03107399
X01,2004-03-05T02:20:00,1180,1.14586666,0.00795741,0.02812944,0.07106098,1.43092340,1.12623679,-0.01713102
X01,2004-03-05T03:05:00,1189,1.07712785,0.00748005,0.02722046,0.06577695,1.43814908,1.09439207,0.01602801
X01,2004-03-05T03:45:00,1197,1.11717066,0.00775813,0.03115732,0.06835548,1.40771915,1.06768076,-0.04429932
X01,2004-03-05T04:30:00,1206,1.11625671,0.00775178,0.02989172,0.07387593,1.48068030,1.12310185,0.00613223
X01,2004-03-05T05:10:00,1214,1.08294297,0.00752044,0.02744710,0.06742214,1.38291125,1.03508014,-0.04419700
X01,2004-03-05T05:50:00,1222,0.99951309,0.00694106,0.02573966,0.06667347,1.46836545,1.00343226,0.00392108
X01,2004-03-05T06:35:00,1231,1.04807093,0.00727827,0.03004538,0.07079621,1.46311477,1.08842277,0.03850105
X01,2004-03-05T07:15:00,1239,0.98455482,0.00683719,0.02472178,0.07383837,1.50222101,0.99697613,0.01261617
X01,2004-03-05T08:00:00,1248,1.00032322,0.00694669,0.02783790,0.07300511,1.51570801,1.02587011,0.02553863
X01,2004-03-05T08:40:00,1256,1.05192009,0.00730500,0.03069919,0.09166452,1.61769519,1.01344206,-0.03657886
X01,2004-03-05T09:25:00,1265,0.97186216,0.00674904,0.02708900,0.10247927,1.72876306,1.02206924,0.05166070
X01,2004-03-05T10:05:00,1273,0.95950823,0.00666325,0.02865113,0.11059287,1.83999078,0.99640061,0.03844926
X01,2004-03-05T10:50:00,1282,0.93992346,0.00652725,0.02676082,0.11631337,1.93030304,0.89120774,-0.05182945
X01,2004-03-05T11:30:00,1290,0.90629163,0.00629369,0.02673700,0.10701941,1.85921798,0.91604176,0.01075827
X01,2004-03-05T12:10:00,1298,0.90136617,0.00625949,0.02687662,0.09418898,1.76904235,0.87846240,-0.02541005
X01,2004-03-05T12:55:00,1307,0.80420103,0.00558473,0.02432652,0.07988409,1.77915555,0.86952071,0.08122307
X01,2004-03-05T13:35:00,1315,0.94970957,0.00659521,0.02991730,0.09769643,1.79340706,0.98050261,0.03242364
X01,2004-03-05T14:20:00,1324,0.97948181,0.00680196,0.03110782,0.09637500,1.74749937,0.99914154,0.02007157
X01,2004-03-05T15:00:00,1332,1.07406080,0.00745876,0.03366587,0.11004123,1.74334018,1.04379359,-0.02818017
X01,2004-03-05T15:45:00,1341,1.08857967,0.00755958,0.03385077,0.10695396,1.70482271,1.10221233,0.01252334
X01,2004-03-05T16:25:00,1349,1.21671557,0.00844941,0.03269334,0.11194776,1.66137078,1.21385310,-0.00235262
X01,2004-03-05T17:05:00,1357,1.19081462,0.00826955,0.03307205,0.09853804,1.63914869,1.20407461,0.01113523
X01,2004-03-05T17:50:00,1366,1.13680178,0.00789446,0.03036455,0.08742377,1.49912266,1.15086247,0.01236864
X01,2004-03-05T18:30:00,1374,1.22353260,0.00849675,0.02944468,0.08460572,1.38204163,1.21875470,-0.00390500
X01,2004-03-05T19:15:00,1383,1.23409992,0.00857014,0.03320066,0.09806647,1.56493303,1.21321472,-0.01692342
X01,2004-03-05T19:55:00,1391,1.21349724,0.00842706,0.02825769,0.08764433,1.46575384,1.19147129,-0.01815080
X01,2004-03-05T20:40:00,1400,1.18450201,0.00822571,0.02972412,0.08150517,1.42335306,1.15906021,-0.02147890
X01,2004-03-05T21:20:00,1408,1.13791062,0.00790216,0.02751285,0.08545614,1.50191026,1.07925366,-0.05154795
X01,2004-03-05T22:00:00,1416,1.08508334,0.00753530,0.02467736,0.07979382,1.45163192,1.04214822,-0.03956850
X01,2004-03-05T22:45:00,1425,0.99678944,0.00692215,0.02418249,0.06616911,1.42004186,0.97600823,-0.02084814
X01,2004-03-05T23:25:00,1433,0.96897157,0.00672897,0.02325604,0.06779182,1.40601599,0.98794257,0.01957849
X01,2004-03-06T00:10:00,1442,0.95585808,0.00663790,0.02327249,0.06013396,1.40962545,0.92941389,-0.02766540
X01,2004-03-06T00:50:00,1450,0.85503986,0.00593778,0.02189789,0.05643730,1.45120878,0.87387484,0.02202819
X01,2004-03-06T01:35:00,1459,0.92847119,0.00644772,0.02108584,0.07164929,1.57234208,0.95541650,0.02902115
X01,2004-03-06T02:15:00,1467,0.83836546,0.00582198,0.01882389,0.07267708,1.56214673,0.83100630,-0.00877800
X01,2004-03-06T02:55:00,1475,0.81019392,0.00562635,0.01778909,0.06014788,1.53033904,0.84924200,0.04819597
X01,2004-03-06T03:40:00,1484,0.85797762,0.00595818,0.02149838,0.05352634,1.47596437,0.84122655,-0.01952390
X01,2004-03-06T04:20:00,1492,0.79928590,0.00555060,0.01955862,0.06199366,1.50673740,0.78308053,-0.02027481
X01,2004-03-06T05:05:00,1501,0.78691919,0.00546472,0.01921159,0.05438922,1.54132171,0.82389975,0.04699410
X01,2004-03-06T05:45:00,1509,0.78332160,0.00543973,0.01957947,0.04685967,1.43124336,0.75141696,-0.04072994
X01,2004-03-06T06:30:00,1518,0.79726409,0.00553656,0.01901161,0.05982304,1.52566614,0.76881527,-0.03568305
X01,2004-03-06T07:10:00,1526,0.75470218,0.00524099,0.01769656,0.04957032,1.39207679,0.74345575,-0.01490181
X01,2004-03-06T07:50:00,1534,0.74291849,0.00515916,0.01717343,0.05571812,1.54260553,0.71800439,-0.03353544
X01,2004-03-06T08:35:00,1543,0.79836587,0.00554421,0.02067848,0.05884194,1.56267714,0.78116440,-0.02154584
X01,2004-03-06T09:15:00,1551,0.74062353,0.00514322,0.01776334,0.07106079,1.67296694,0.68435792,-0.07597059
X01,2004-03-06T10:00:00,1560,0.71471983,0.00496333,0.01815327,0.05976487,1.57786964,0.69165273,-0.03227432
X01,2004-03-06T10:40:00,1568,0.76641966,0.00532236,0.01911252,0.06227860,1.66765990,0.73312064,-0.04344751
X01,2004-03-06T11:25:00,1577,0.69175549,0.00480386,0.01907578,0.06161060,1.66697202,0.73128174,0.05713906
X01,2004-03-06T12:05:00,1585,0.66912336,0.00464669,0.01671812,0.06219670,1.80455158,0.69869403,0.04419315
X01,2004-03-06T12:45:00,1593,0.67947919,0.00471861,0.01661905,0.06207197,1.79005818,0.68430815,0.00710685
X01,2004-03-06T13:30:00,1602,0.72004711,0.00500033,0.02015186,0.06896984,1.78080379,0.71606715,-0.00552737
X01,2004-03-06T14:10:00,1610,0.72732875,0.00505089,0.02021991,0.06882790,1.70087479,0.68275870,-0.06127910
X01,2004-03-06T14:55:00,1619,0.68885606,0.00478372,0.01947678,0.07159818,1.83593694,0.70617563,0.02514250
X01,2004-03-06T15:35:00,1627,0.68976711,0.00479005,0.01958320,0.06056755,1.65019777,0.72588776,0.05236644
X01,2004-03-06T16:20:00,1636,0.72161467,0.00501121,0.01927763,0.06049664,1.72946633,0.74905941,0.03803241
X01,2004-03-06T17:00:00,1644,0.72941580,0.00506539,0.01984383,0.05513889,1.55055210,0.71486633,-0.01994675
X01,2004-03-06T17:40:00,1652,0.78967493,0.00548385,0.01961500,0.05532875,1.58687141,0.75732500,-0.04096613
X01,2004-03-06T18:25:00,1661,0.73994608,0.00513851,0.01856378,0.06211287,1.59411186,0.78711119,0.06374127
X01,2004-03-06T19:05:00,1669,0.75153043,0.00521896,0.01959483,0.05277563,1.53808270,0.81240340,0.08099868
X01,2004-03-06T19:50:00,1678,0.83848345,0.00582280,0.02072979,0.06535277,1.47030034,0.82268357,-0.01884340
X01,2004-03-06T20:30:00,1686,0.84668219,0.00587974,0.02278340,0.05538476,1.42196886,0.82844815,-0.02153587
X01,2004-03-06T21:15:00,1695,0.84427650,0.00586303,0.02129096,0.06923932,1.55574155,0.79193252,-0.06199863
X01,2004-03-06T21:55:00,1703,0.82836911,0.00575256,0.02144718,0.06682596,1.52400050,0.86642462,0.04594028
X01,2004-03-06T22:35:00,1711,0.80678544,0.00560268,0.01981067,0.06818078,1.50537492,0.78821910,-0.02301275
X01,2004-03-06T23:20:00,1720,0.72950374,0.00506600,0.01910166,0.06055888,1.52323839,0.72137451,-0.01114351
X01,2004-03-07T00:00:00,1728,0.72890210,0.00506182,0.01755651,0.05594186,1.46644349,0.73029529,0.00191135
X01,2004-03-07T00:45:00,1737,0.78407576,0.00544497,0.01803181,0.06108535,1.51186681,0.75387407,-0.03851885
X01,2004-03-07T01:25:00,1745,0.79311849,0.00550777,0.01716111,0.07330311,1.58673353,0.82631519,0.04185592
X01,2004-03-07T02:10:00,1754,0.80528887,0.00559228,0.01733290,0.05999043,1.42865159,0.76229149,-0.05339374
X01,2004-03-07T02:50:00,1762,0.78957593,0.00548317,0.01932528,0.06606814,1.52170102,0.72875977,-0.07702383
X01,2004-03-07T03:35:00,1771,0.78863602,0.00547664,0.01866241,0.06560728,1.55681972,0.80839896,0.02505966
X01,2004-03-07T04:15:00,1779,0.78806589,0.00547268,0.01839669,0.09487678,1.82988477,0.78652657,-0.00195328
X01,2004-03-07T04:55:00,1787,0.73835627,0.00512747,0.01799051,0.07139652,1.65925816,0.77884923,0.05484204
X01,2004-03-07T05:40:00,1796,0.76289561,0.00529789,0.01825631,0.06868883,1.59353075,0.75762231,-0.00691221
X01,2004-03-07T06:20:00,1804,0.69687440,0.00483941,0.01788657,0.06783870,1.66179881,0.69869544,0.00261316
X01,2004-03-07T07:05:00,1813,0.73967814,0.00513665,0.01702106,0.07160731,1.66652728,0.75668767,0.02299585
X01,2004-03-07T07:45:00,1821,0.75124191,0.00521696,0.01856100,0.06884398,1.65799960,0.75495483,0.00494238
X01,2004-03-07T08:30:00,1830,0.78897236,0.00547897,0.01782835,0.06775012,1.53189387,0.76106879,-0.03536699
X01,2004-03-07T09:10:00,1838,0.77379379,0.00537357,0.01840503,0.06117531,1.45463561,0.76926985,-0.00584644
X01,2004-03-07T09:50:00,1846,0.78172830,0.00542867,0.01995613,0.08016322,1.68017505,0.75777668,-0.03063932
X01,2004-03-07T10:35:00,1855,0.77192666,0.00536060,0.02125099,0.07425669,1.69111486,0.77345743,0.00198305
X01,2004-03-07T11:15:00,1863,0.67323719,0.00467526,0.01602390,0.07596468,1.76585164,0.66893479,-0.00639061
X01,2004-03-07T12:00:00,1872,0.69056439,0.00479559,0.01777799,0.06440986,1.59588845,0.66605625,-0.03549002
X01,2004-03-07T12:40:00,1880,0.69435348,0.00482190,0.01824069,0.06901736,1.70545568,0.70766614,0.01917275
X01,2004-03-07T13:25:00,1889,0.70108373,0.00486864,0.01749704,0.07812836,1.81785750,0.74784598,0.06669996
X01,2004-03-07T14:05:00,1897,0.68231674,0.00473831,0.01919167,0.06572408,1.69648276,0.72571125,0.06359877
X01,2004-03-07T14:45:00,1905,0.74640632,0.00518338,0.01929064,0.05979590,1.62218316,0.70599355,-0.05414312
X01,2004-03-07T15:30:00,1914,0.71155583,0.00494136,0.01807885,0.06216858,1.58623869,0.66597187,-0.06406238
X01,2004-03-07T16:10:00,1922,0.70112167,0.00486890,0.02028812,0.06039529,1.62996818,0.71560374,0.02065557
X01,2004-03-07T16:55:00,1931,0.75035881,0.00521083,0.02273579,0.06008793,1.62042598,0.77092832,0.02741291
X01,2004-03-07T17:35:00,1939,0.80574357,0.00559544,0.02271630,0.05655774,1.51632992,0.79577782,-0.01236839
X01,2004-03-07T18:20:00,1948,0.78017518,0.00541788,0.01925287,0.05366389,1.52504398,0.80729478,0.03476091
X01,2004-03-07T19:00:00,1956,0.79484361,0.00551975,0.02121946,0.05584851,1.46012472,0.73805218,-0.07144981
X01,2004-03-07T19:40:00,1964,0.85356979,0.00592757,0.02114841,0.06051946,1.49368347,0.86208737,0.00997878
X01,2004-03-07T20:25:00,1973,0.83311456,0.00578552,0.01940133,0.06412656,1.52085168,0.85862477,0.03062029
X01,2004-03-07T21:05:00,1981,0.85479372,0.00593607,0.02162605,0.05506827,1.48369887,0.88084852,0.03048081
X01,2004-03-07T21:50:00,1990,0.88049025,0.00611452,0.02055066,0.07009841,1.50921167,0.90794872,0.03118543
X01,2004-03-07T22:30:00,1998,0.93088226,0.00646446,0.02171864,0.06887651,1.46214267,0.91007376,-0.02235352
X01,2004-03-07T23:15:00,2007,0.85313960,0.00592458,0.02293982,0.06407531,1.53808126,0.84016610,-0.01520678
X01,2004-03-07T23:55:00,2015,0.80068623,0.00556032,0.02073385,0.04670200,1.45752161,0.80068623,0.00000000
X02,2004-03-08T00:00:00,0,0.82172737,0.00570644,0.02268983,0.04788774,1.42533118,0.80734549,-0.01750200
X02,2004-03-08T00:40:00,8,1.18976785,0.00826228,0.02421449,0.42544180,4.32658991,0.88271530,-0.25807770
X02,2004-03-08T01:25:00,17,0.96356407,0.00669142,0.02391229,0.12942857,1.98956462,0.92923933,-0.03562268
X02,2004-03-08T02:05:00,25,0.95154666,0.00660796,0.02256636,0.15611662,2.24007050,1.02825724,0.08061673
X02,2004-03-08T02:50:00,34,0.84470490,0.00586601,0.02347460,0.05135142,1.41685737,0.84471457,0.00001145
X02,2004-03-08T03:30:00,42,0.94099816,0.00653471,0.02595394,0.05683967,1.47922710,0.93076362,-0.01087626
X02,2004-03-08T04:15:00,51,0.90378235,0.00627627,0.02257145,0.07644558,1.60278169,0.88534712,-0.02039787
X02,2004-03-08T04:55:00,59,0.92354005,0.00641347,0.02333118,0.06272499,1.47599611,0.91942272,-0.00445820
X02,2004-03-08T05:35:00,67,0.88166960,0.00612271,0.02218480,0.06209911,1.49531497,0.89485709,0.01495740
X02,2004-03-08T06:20:00,76,0.80576683,0.00559560,0.02216894,0.04517343,1.38741785,0.80393372,-0.00227499
X02,2004-03-08T07:00:00,84,0.87225842,0.00605735,0.02430088,0.04147079,1.35928785,0.83011635,-0.04831374
X02,2004-03-08T07:45:00,93,0.86730479,0.00602295,0.02661047,0.06141530,1.49056851,0.86525049,-0.00236861
X02,2004-03-08T08:25:00,101,0.84785534,0.00588788,0.02313774,0.08095049,1.68224172,0.87322343,0.02992030
X02,2004-03-08T09:10:00,110,0.91345407,0.00634343,0.02176895,0.09660555,1.75109437,0.86277935,-0.05547593
X02,2004-03-08T09:50:00,118,0.85539920,0.00594027,0.01961908,0.11246610,1.98326968,0.87410336,0.02186600
X02,2004-03-08T10:30:00,126,0.87377171,0.00606786,0.02335944,0.10417729,1.89544187,0.86960333,-0.00477056
X02,2004-03-08T11:15:00,135,0.78911054,0.00547993,0.01923851,0.10968500,2.11629680,0.79613315,0.00889940
X02,2004-03-08T11:55:00,143,0.81421243,0.00565425,0.02271087,0.08808826,1.89049544,0.81358570,-0.00076973
X02,2004-03-08T12:40:00,152,0.84248838,0.00585061,0.02132084,0.09127553,1.86600763,0.85704465,0.01727771
X02,2004-03-08T13:20:00,160,0.84704094,0.00588223,0.02087887,0.09728119,1.87202454,0.85045430,0.00402974
X02,2004-03-08T14:05:00,169,0.88401295,0.00613898,0.02621425,0.09850913,1.84874491,0.93195230,0.05422924
X02,2004-03-08T14:45:00,177,1.01763606,0.00706692,0.02903235,0.09287406,1.70783710,1.01871819,0.00106338
X02,2004-03-08T15:25:00,185,1.05590847,0.00733270,0.02755828,0.09925220,1.67108574,1.07066045,0.01397089
X02,2004-03-08T16:10:00,194,1.12253270,0.00779537,0.02861172,0.09618981,1.56446192,1.13943979,0.01506156
X02,2004-03-08T16:50:00,202,1.10676800,0.00768589,0.02917163,0.09399525,1.61940636,1.13121322,0.02208703
X02,2004-03-08T17:35:00,211,1.30628539,0.00907143,0.03656211,0.08818034,1.47558755,1.27723669,-0.02223763
X02,2004-03-08T18:15:00,219,1.27637799,0.00886374,0.03455395,0.10721095,1.57594672,1.29075938,0.01126734
X02,2004-03-08T19:00:00,228,1.31812039,0.00915361,0.03975375,0.08669460,1.48132759,1.28906048,-0.02204648
X02,2004-03-08T19:40:00,236,1.39398837,0.00968047,0.03804470,0.09320803,1.43511627,1.37122832,-0.01632729
X02,2004-03-08T20:20:00,244,1.34203194,0.00931967,0.03935168,0.08912110,1.49247924,1.33307353,-0.00667526
X02,2004-03-08T21:05:00,253,1.28161208,0.00890008,0.03728060,0.07553190,1.44893906,1.31040697,0.02246771
X02,2004-03-08T21:45:00,261,1.32517978,0.00920264,0.03979043,0.07107600,1.37061868,1.28227463,-0.03237686
X02,2004-03-08T22:30:00,270,1.27648354,0.00886447,0.03601372,0.07449953,1.45526160,1.24192440,-0.02707371
X02,2004-03-08T23:10:00,278,1.19077421,0.00826927,0.03509917,0.05774835,1.31813854,1.17250985,-0.01533823
X02,2004-03-08T23:55:00,287,1.08586259,0.00754071,0.02943420,0.05972111,1.34137304,1.15055757,0.05957934
X02,2004-03-09T00:35:00,295,1.08130591,0.00750907,0.02709690,0.05647768,1.33242587,1.06009907,-0.01961225
X02,2004-03-09T01:20:00,304,1.04093977,0.00722875,0.02450263,0.06202654,1.30725839,1.03926549,-0.00160843
X02,2004-03-09T02:00:00,312,1.04320679,0.00724449,0.02420474,0.05340460,1.30029412,1.04976491,0.00628651
X02,2004-03-09T02:40:00,320,1.05662369,0.00733766,0.02489066,0.05932911,1.31883229,1.04777741,-0.00837222
X02,2004-03-09T03:25:00,329,1.01271792,0.00703276,0.02423587,0.06257539,1.46654040,1.03763116,0.02460037
X02,2004-03-09T04:05:00,337,0.99966364,0.00694211,0.02268215,0.06340345,1.43720425,0.98414722,-0.01552164
X02,2004-03-09T04:50:00,346,1.00501694,0.00697928,0.02516518,0.05247971,1.32506354,1.00138598,-0.00361283
X02,2004-03-09T05:30:00,354,1.00290582,0.00696462,0.02295635,0.05543098,1.35386789,0.99650714,-0.00638015
X02,2004-03-09T06:15:00,363,0.98717300,0.00685537,0.02196389,0.06189187,1.45563339,0.96310005,-0.02438575
X02,2004-03-09T06:55:00,371,0.92080096,0.00639445,0.02236600,0.05234144,1.38834481,0.94639742,0.02779804
X02,2004-03-09T07:35:00,379,1.01338835,0.00703742,0.02652303,0.07080763,1.47037431,0.98057244,-0.03238236
X02,2004-03-09T08:20:00,388,0.96302487,0.00668767,0.02434443,0.08267504,1.56871772,0.97716805,0.01468620
X02,2004-03-09T09:00:00,396,0.95853649,0.00665650,0.02254321,0.08726213,1.61679651,0.94922541,-0.00971385
X02,2004-03-09T09:45:00,405,0.98502484,0.00684045,0.02996670,0.10219531,1.80297004,0.98424321,-0.00079350
X02,2004-03-09T10:25:00,413,1.00102581,0.00695157,0.02775699,0.11569501,1.87018620,1.01191626,0.01087929
X02,2004-03-09T11:10:00,422,0.93874182,0.00651904,0.02429271,0.08494930,1.69081740,0.93918953,0.00047692
X02,2004-03-09T11:50:00,430,0.86934278,0.00603710,0.02624341,0.07646150,1.78718538,0.88855458,0.02209922
X02,2004-03-09T12:30:00,438,0.91142450,0.00632934,0.02486962,0.09524872,1.89395269,0.91837200,0.00762269
X02,2004-03-09T13:15:00,447,0.96461019,0.00669868,0.02727200,0.10797907,1.89969315,0.92265639,-0.04349301
X02,2004-03-09T13:55:00,455,0.98810679,0.00686185,0.02485167,0.09698997,1.81033829,1.07437276,0.08730430
X02,2004-03-09T14:40:00,464,1.08038761,0.00750269,0.02761471,0.09677991,1.71986047,1.07724472,-0.00290903
X02,2004-03-09T15:20:00,472,1.12806068,0.00783375,0.02912449,0.09716953,1.70961563,1.13053107,0.00218995
X02,2004-03-09T16:05:00,481,1.19278695,0.00828324,0.02952987,0.09351123,1.56977810,1.19936964,0.00551875
X02,2004-03-09T16:45:00,489,1.26432076,0.00878001,0.03456640,0.09758684,1.58182721,1.25975508,-0.00361117
X02,2004-03-09T17:25:00,497,1.31232029,0.00911334,0.03816378,0.12788552,1.81057129,1.26587544,-0.03539139
X02,2004-03-09T18:10:00,506,1.33462142,0.00926820,0.03227356,0.11294847,1.59098401,1.30948686,-0.01883272
X02,2004-03-09T18:50:00,514,1.29720544,0.00900837,0.03717925,0.08014165,1.42236925,1.27823364,-0.01462513
X02,2004-03-09T19:35:00,523,1.40151534,0.00973275,0.03339410,0.09276754,1.49399934,1.45098709,0.03529876
X02,2004-03-09T20:15:00,531,1.30713231,0.00907731,0.03275559,0.09693029,1.42264853,1.28786233,-0.01474218
X02,2004-03-09T21:00:00,540,1.28839191,0.00894717,0.03147065,0.07860087,1.36740154,1.27360332,-0.01147833
X02,2004-03-09T21:40:00,548,1.35149478,0.00938538,0.03075227,0.07673566,1.37152173,1.33502016,-0.01218993
X02,2004-03-09T22:20:00,556,1.28780775,0.00894311,0.03165934,0.07174694,1.44290930,1.32279122,0.02716513
X02,2004-03-09T23:05:00,565,1.17866535,0.00818518,0.02649684,0.07436740,1.36610387,1.21824222,0.03357770
X02,2004-03-09T23:45:00,573,1.20896704,0.00839560,0.02766263,0.06446534,1.34577464,1.15435186,-0.04517508
X02,2004-03-10T00:30:00,582,1.12649886,0.00782291,0.02785664,0.05560866,1.38470953,1.09884378,-0.02454958
X02,2004-03-10T01:10:00,590,1.12550781,0.00781603,0.02813905,0.06549137,1.36717502,1.11191866,-0.01207379
X02,2004-03-10T01:55:00,599,1.04517069,0.00725813,0.02584782,0.05798433,1.39527664,1.05228553,0.00680734
X02,2004-03-10T02:35:00,607,1.07189561,0.00744372,0.02493812,0.06051525,1.36965541,1.06810754,-0.00353399
X02,2004-03-10T03:15:00,615,1.08848621,0.00755893,0.02349935,0.08216758,1.51633674,1.08404019,-0.00408459
X02,2004-03-10T04:00:00,624,1.09998720,0.00763880,0.02371362,0.06270502,1.37554245,1.06418791,-0.03254519
X02,2004-03-10T04:40:00,632,1.07628271,0.00747419,0.02620282,0.06418715,1.35766246,1.06274960,-0.01257394
X02,2004-03-10T05:25:00,641,0.96152382,0.00667725,0.02031150,0.06570768,1.40655556,1.04242796,0.08414159
X02,2004-03-10T06:05:00,649,0.97584686,0.00677671,0.02084708,0.06014341,1.38812366,1.02000087,0.04524687
X02,2004-03-10T06:50:00,658,0.99235768,0.00689137,0.02159505,0.05993273,1.36780170,0.97279314,-0.01971521
X02,2004-03-10T07:30:00,666,1.03049399,0.00715621,0.02429365,0.07786058,1.49542239,1.04898899,0.01794770
X02,2004-03-10T08:10:00,674,1.02855748,0.00714276,0.02651541,0.08327057,1.47602193,1.00127819,-0.02652189
X02,2004-03-10T08:55:00,683,0.98008613,0.00680615,0.02498817,0.08326481,1.57602142,0.98913458,0.00923231
X02,2004-03-10T09:35:00,691,0.98941960,0.00687097,0.02615957,0.09689027,1.68134551,1.00491638,0.01566250
X02,2004-03-10T10:20:00,700,0.97846016,0.00679486,0.02227066,0.11203281,1.87122094,0.98268378,0.00431660
X02,2004-03-10T11:00:00,708,1.00797243,0.00699981,0.02565737,0.11634679,1.87744567,0.92261904,-0.08467830
X02,2004-03-10T11:45:00,717,0.95885727,0.00665873,0.02897346,0.10633289,1.85144897,0.93010278,-0.02998830
X02,2004-03-10T12:25:00,725,0.89902531,0.00624323,0.02575142,0.11352893,1.96762595,0.93268777,0.03744329
X02,2004-03-10T13:05:00,733,0.96882335,0.00672794,0.02737721,0.11385788,1.92198616,0.99500334,0.02702246
X02,2004-03-10T13:50:00,742,1.02663621,0.00712942,0.03162390,0.13296414,2.00766802,1.03235341,0.00556887
X02,2004-03-10T14:30:00,750,1.14571041,0.00795632,0.03961343,0.11411581,1.78605590,1.18511561,0.03439369
X02,2004-03-10T15:15:00,759,1.27079477,0.00882496,0.03787068,0.12883617,1.82634301,1.21290975,-0.04555025
X02,2004-03-10T15:55:00,767,1.24541460,0.00864871,0.03725513,0.12781027,1.74332332,1.23459763,-0.00868544
X02,2004-03-10T16:40:00,776,1.22408750,0.00850061,0.03248440,0.10081496,1.62154831,1.25351990,0.02404436
X02,2004-03-10T17:20:00,784,1.22563402,0.00851135,0.03208171,0.09400060,1.54259662,1.24407803,0.01504854
X02,2004-03-10T18:05:00,793,1.26662838,0.00879603,0.03588380,0.08833359,1.53697708,1.31995506,0.04210128
X02,2004-03-10T18:45:00,801,1.23428165,0.00857140,0.02980560,0.08455890,1.42339952,1.25174104,0.01414538
X02,2004-03-10T19:25:00,809,1.37126993,0.00952271,0.03709244,0.09204754,1.41952917,1.36198519,-0.00677090
X02,2004-03-10T20:10:00,818,1.45227857,0.01008527,0.03839983,0.09533945,1.42423820,1.40589082,-0.03194136
X02,2004-03-10T20:50:00,826,1.32392752,0.00919394,0.03131171,0.08472742,1.34585590,1.31481235,-0.00688494
X02,2004-03-10T21:35:00,835,1.28955559,0.00895525,0.03503031,0.07656433,1.35888214,1.29149232,0.00150186
X02,2004-03-10T22:15:00,843,1.27230438,0.00883545,0.03352553,0.08207558,1.36453675,1.26131020,-0.00864116
X02,2004-03-10T23:00:00,852,1.25672811,0.00872728,0.03312096,0.07548079,1.31536761,1.24036901,-0.01301721
X02,2004-03-10T23:40:00,860,1.25581041,0.00872091,0.03351781,0.07081393,1.35011687,1.24563756,-0.00810063
X02,2004-03-11T00:20:00,868,1.21400038,0.00843056,0.03511142,0.07102171,1.43664660,1.18586659,-0.02317444
X02,2004-03-11T01:05:00,877,1.11552613,0.00774671,0.02828250,0.07404890,1.48961538,1.18605971,0.06322899
X02,2004-03-11T01:45:00,885,1.13090853,0.00785353,0.03258932,0.06135649,1.39413260,1.11931450,-0.01025196
X02,2004-03-11T02:30:00,894,1.18260786,0.00821255,0.03222468,0.06298623,1.40025942,1.14632425,-0.03068102
X02,2004-03-11T03:10:00,902,1.10291866,0.00765916,0.02992765,0.06586035,1.41273421,1.13470570,0.02882083
X02,2004-03-11T03:55:00,911,1.08627133,0.00754355,0.02812296,0.06675721,1.48763760,1.10611747,0.01826997
X02,2004-03-11T04:35:00,919,1.04863390,0.00728218,0.02698320,0.07202703,1.45861904,1.06449576,0.01512622
X02,2004-03-11T05:15:00,927,1.04137384,0.00723176,0.02665947,0.08051719,1.52994439,1.01363445,-0.02663730
X02,2004-03-11T06:00:00,936,1.03525350,0.00718926,0.02483365,0.05950545,1.47721314,0.98266189,-0.05080070
X02,2004-03-11T06:40:00,944,0.99238351,0.00689155,0.02960763,0.05833409,1.41744267,0.99687477,0.00452573
X02,2004-03-11T07:25:00,953,0.94759143,0.00658050,0.02572943,0.07669331,1.61089890,1.00589992,0.06153337
X02,2004-03-11T08:05:00,961,0.99245391,0.00689204,0.02684487,0.08083945,1.57525015,1.03546410,0.04333722
X02,2004-03-11T08:50:00,970,1.00814297,0.00700099,0.02931850,0.08980934,1.67025404,0.99662126,-0.01142865
X02,2004-03-11T09:30:00,978,1.07353969,0.00745514,0.02903311,0.10225274,1.73311004,1.05163285,-0.02040618
X02,2004-03-11T10:10:00,986,1.07014679,0.00743157,0.02916064,0.10133134,1.76051581,1.02059375,-0.04630490
X02,2004-03-11T10:55:00,995,0.95133552,0.00660650,0.02702644,0.10907988,1.95659329,0.98237353,0.03262573
X02,2004-03-11T11:35:00,1003,0.97613599,0.00677872,0.03326555,0.10252303,1.88823307,0.99410577,0.01840909
X02,2004-03-11T12:20:00,1012,0.92777055,0.00644285,0.02340317,0.09813431,1.85367522,0.95369388,0.02794154
X02,2004-03-11T13:00:00,1020,0.94273518,0.00654677,0.02467919,0.08916210,1.80112484,0.94976785,0.00745986
X02,2004-03-11T13:45:00,1029,1.06388044,0.00738806,0.03539989,0.11983737,1.95136335,1.02794152,-0.03378098
X02,2004-03-11T14:25:00,1037,1.10907468,0.00770191,0.04020261,0.12242692,1.96323442,1.15529169,0.04167168
X02,2004-03-11T15:05:00,1045,1.10188769,0.00765200,0.03096083,0.11412238,1.86070156,1.16168347,0.05426668
X02,2004-03-11T15:50:00,1054,1.25532534,0.00871754,0.03449353,0.11398569,1.71913362,1.23119467,-0.01922265
X02,2004-03-11T16:30:00,1062,1.27974663,0.00888713,0.03707455,0.11943097,1.67319746,1.27356751,-0.00482839
X02,2004-03-11T17:15:00,1071,1.27446924,0.00885048,0.03790418,0.12887787,1.75434811,1.25762902,-0.01321351
X02,2004-03-11T17:55:00,1079,1.26173301,0.00876203,0.03599148,0.10107638,1.56679918,1.29935966,0.02982141
X02,2004-03-11T18:40:00,1088,1.35271357,0.00939384,0.03752377,0.09697477,1.48628591,1.30639116,-0.03424406
X02,2004-03-11T19:20:00,1096,1.32671852,0.00921332,0.03752910,0.09578455,1.46386422,1.33504206,0.00627379
X02,2004-03-11T20:00:00,1104,1.38274083,0.00960237,0.03932216,0.08526456,1.44817297,1.35274165,-0.02169544
X02,2004-03-11T20:45:00,1113,1.31153221,0.00910786,0.03223300,0.07693022,1.36171997,1.28601532,-0.01945578
X02,2004-03-11T21:25:00,1121,1.31105916,0.00910458,0.03957820,0.07306387,1.47776340,1.35795826,0.03577192
X02,2004-03-11T22:10:00,1130,1.27345720,0.00884345,0.03734597,0.07419695,1.34976910,1.27148586,-0.00154802
X02,2004-03-11T22:50:00,1138,1.17883779,0.00818637,0.03143974,0.07716336,1.41818023,1.18863270,0.00830895
X02,2004-03-11T23:35:00,1147,1.15775860,0.00803999,0.03183003,0.06976634,1.38832453,1.18915659,0.02711963
X02,2004-03-12T00:15:00,1155,1.16347012,0.00807965,0.03295660,0.10181121,1.60852868,1.08208151,-0.06995333
X02,2004-03-12T00:55:00,1163,1.06746276,0.00741294,0.03126987,0.05482801,1.39671747,1.05351502,-0.01306625
X02,2004-03-12T01:40:00,1172,1.09272826,0.00758839,0.02656933,0.05256919,1.36435510,1.10759472,0.01360490
X02,2004-03-12T02:20:00,1180,1.03791493,0.00720774,0.02929669,0.05453143,1.41945047,1.02398058,-0.01342533
X02,2004-03-12T03:05:00,1189,1.06975521,0.00742886,0.03113998,0.05456636,1.39469135,1.10716970,0.03497482
X02,2004-03-12T03:45:00,1197,1.05205420,0.00730593,0.02767208,0.05246675,1.38497582,1.02104586,-0.02947409
X02,2004-03-12T04:30:00,1206,1.03659076,0.00719855,0.02827391,0.05797659,1.42494038,1.00796960,-0.02761085
X02,2004-03-12T05:10:00,1214,1.03912025,0.00721611,0.02732615,0.06661120,1.42926394,1.00005130,-0.03759810
X02,2004-03-12T05:50:00,1222,0.97224157,0.00675168,0.02716622,0.05918189,1.45271156,0.97549446,0.00334576
X02,2004-03-12T06:35:00,1231,1.04639547,0.00726664,0.02881821,0.05582230,1.41571670,1.11433406,0.06492630
X02,2004-03-12T07:15:00,1239,1.01711950,0.00706333,0.02795730,0.07359255,1.59647171,1.00807911,-0.00888823
X02,2004-03-12T08:00:00,1248,1.00370966,0.00697021,0.03097164,0.07273793,1.55261812,0.99748909,-0.00619759
X02,2004-03-12T08:40:00,1256,1.00967806,0.00701165,0.02606346,0.08942984,1.61874251,1.08140993,0.07104430
X02,2004-03-12T09:25:00,1265,1.00107034,0.00695188,0.02907383,0.11880278,1.90704509,1.02068226,0.01959095
X02,2004-03-12T10:05:00,1273,0.98548049,0.00684361,0.02703554,0.10711975,1.85853039,1.01935556,0.03437416
X02,2004-03-12T10:50:00,1282,0.99210783,0.00688964,0.03235051,0.10892481,1.91781028,0.96495404,-0.02736981
X02,2004-03-12T11:30:00,1290,0.99814125,0.00693154,0.03066422,0.09421426,1.77405910,0.97410288,-0.02408313
X02,2004-03-12T12:10:00,1298,0.96407853,0.00669499,0.02680864,0.09921060,1.87224844,0.95735347,-0.00697563
X02,2004-03-12T12:55:00,1307,0.95196529,0.00661087,0.02450722,0.09244912,1.94751661,0.96769108,0.01651929
X02,2004-03-12T13:35:00,1315,1.06412545,0.00738976,0.02541045,0.10468790,1.81555200,1.04669298,-0.01638196
X02,2004-03-12T14:20:00,1324,1.06259608,0.00737914,0.03101117,0.09603153,1.77900334,1.04219568,-0.01919864
X02,2004-03-12T15:00:00,1332,1.16706472,0.00810462,0.03096938,0.09879071,1.66743834,1.12348717,-0.03733944
X02,2004-03-12T15:45:00,1341,1.18647628,0.00823942,0.03183226,0.10537564,1.64364877,1.19084316,0.00368055
X02,2004-03-12T16:25:00,1349,1.30231261,0.00904384,0.03287873,0.12564559,1.69258263,1.34873095,0.03564300
X02,2004-03-12T17:05:00,1357,1.25004479,0.00868087,0.03103036,0.10722739,1.56207141,1.27511206,0.02005310
X02,2004-03-12T17:50:00,1366,1.18911898,0.00825777,0.02967010,0.08582371,1.47504293,1.18210533,-0.00589819
X02,2004-03-12T18:30:00,1374,1.26183685,0.00876276,0.02968304,0.08834588,1.46662209,1.24246035,-0.01535579
X02,2004-03-12T19:15:00,1383,1.23960267,0.00860835,0.02928507,0.09209250,1.44212769,1.25200634,0.01000616
X02,2004-03-12T19:55:00,1391,1.26451499,0.00878135,0.03238237,0.07746064,1.36759353,1.28167235,0.01356834
X02,2004-03-12T20:40:00,1400,1.28292248,0.00890918,0.03079084,0.07096850,1.39271731,1.29230714,0.00731506
X02,2004-03-12T21:20:00,1408,1.23267806,0.00856026,0.02834804,0.08006596,1.41157132,1.27991898,0.03832380
X02,2004-03-12T22:00:00,1416,1.27397723,0.00884706,0.03068189,0.08106148,1.39375471,1.20988344,-0.05031000
X02,2004-03-12T22:45:00,1425,1.18610908,0.00823687,0.02712123,0.07399642,1.42149411,1.12520319,-0.05134931
X02,2004-03-12T23:25:00,1433,1.04038516,0.00722490,0.02703645,0.06916045,1.56597437,1.03113498,-0.00889111
X02,2004-03-13T00:10:00,1442,1.05714605,0.00734129,0.02684897,0.06398052,1.41263945,1.02796227,-0.02760620
X02,2004-03-13T00:50:00,1450,0.95895473,0.00665941,0.02759430,0.06292365,1.51597832,0.93242780,-0.02766234
X02,2004-03-13T01:35:00,1459,0.95846142,0.00665598,0.02704808,0.06327528,1.47124710,0.98538629,0.02809176
X02,2004-03-13T02:15:00,1467,0.96117972,0.00667486,0.02217322,0.07892477,1.55990443,0.95698125,-0.00436803
X02,2004-03-13T02:55:00,1475,0.91824259,0.00637668,0.02645861,0.05902087,1.42634054,0.93308627,0.01616531
X02,2004-03-13T03:40:00,1484,0.91481902,0.00635291,0.02319661,0.06273039,1.44603329,0.93449545,0.02150854
X02,2004-03-13T04:20:00,1492,0.90523987,0.00628639,0.02353701,0.06820369,1.54090235,0.90685638,0.00178572
X02,2004-03-13T05:05:00,1501,0.88293937,0.00613152,0.02284068,0.06124886,1.50964510,0.91710329,0.03869338
X02,2004-03-13T05:45:00,1509,0.84196734,0.00584700,0.02113551,0.06128578,1.51793697,0.81700208,-0.02965111
X02,2004-03-13T06:30:00,1518,0.85708160,0.00595196,0.02045810,0.05874302,1.48602166,0.83767082,-0.02264753
X02,2004-03-13T07:10:00,1526,0.86618260,0.00601516,0.02418111,0.05859212,1.48606347,0.82066797,-0.05254623
X02,2004-03-13T07:50:00,1534,0.87089364,0.00604787,0.02176421,0.06279023,1.50403502,0.84492317,-0.02982048
X02,2004-03-13T08:35:00,1543,0.83586122,0.00580459,0.02161881,0.06746747,1.56663662,0.82288153,-0.01552852
X02,2004-03-13T09:15:00,1551,0.79426921,0.00551576,0.01922057,0.08095704,1.69626418,0.77849071,-0.01986543
X02,2004-03-13T10:00:00,1560,0.84042164,0.00583626,0.02114507,0.07350655,1.59963140,0.79568444,-0.05323185
X02,2004-03-13T10:40:00,1568,0.83173471,0.00577594,0.02175264,0.07696855,1.63244360,0.81230884,-0.02335585
X02,2004-03-13T11:25:00,1577,0.73173457,0.00508149,0.02137064,0.06061496,1.67815363,0.82615162,0.12903184
X02,2004-03-13T12:05:00,1585,0.75230394,0.00522433,0.01935012,0.06147382,1.62083785,0.77234494,0.02663951
X02,2004-03-13T12:45:00,1593,0.78772895,0.00547034,0.02585477,0.05853355,1.59047164,0.77363118,-0.01789673
X02,2004-03-13T13:30:00,1602,0.82301523,0.00571538,0.02234943,0.06514953,1.68075500,0.79004585,-0.04005926
X02,2004-03-13T14:10:00,1610,0.81893742,0.00568707,0.02259669,0.07136829,1.65765276,0.78611067,-0.04008456
X02,2004-03-13T14:55:00,1619,0.76724291,0.00532808,0.02091902,0.05876248,1.67482604,0.80103396,0.04404218
X02,2004-03-13T15:35:00,1627,0.83418729,0.00579297,0.02340823,0.06028577,1.51778937,0.82588863,-0.00994820
X02,2004-03-13T16:20:00,1636,0.85031759,0.00590498,0.02317821,0.06553192,1.61036720,0.85923511,0.01048728
X02,2004-03-13T17:00:00,1644,0.89063831,0.00618499,0.02371399,0.06675039,1.63829569,0.83191904,-0.06592942
X02,2004-03-13T17:40:00,1652,0.79441582,0.00551678,0.01936233,0.06453018,1.58225898,0.78211351,-0.01548598
X02,2004-03-13T18:25:00,1661,0.82675148,0.00574133,0.02238801,0.05871316,1.54952714,0.84915553,0.02709889
X02,2004-03-13T19:05:00,1669,0.80075770,0.00556082,0.02076048,0.05455113,1.53629435,0.82127729,0.02562522
X02,2004-03-13T19:50:00,1678,0.94087031,0.00653382,0.02490143,0.07272978,1.58037488,0.90379965,-0.03940039
X02,2004-03-13T20:30:00,1686,0.93696772,0.00650672,0.02660711,0.05253162,1.43499513,0.94146718,0.00480215
X02,2004-03-13T21:15:00,1695,0.92683714,0.00643637,0.02338733,0.06856350,1.48794255,0.91670007,-0.01093727
X02,2004-03-13T21:55:00,1703,0.94067081,0.00653244,0.02475596,0.06111824,1.49596753,0.95989473,0.02043639
X02,2004-03-13T22:35:00,1711,0.96899298,0.00672912,0.02466540,0.06180837,1.46350386,0.91363128,-0.05713323
X02,2004-03-13T23:20:00,1720,0.82419185,0.00572355,0.02172111,0.05206888,1.49757780,0.83188212,0.00933067
X02,2004-03-14T00:00:00,1728,0.92531000,0.00642576,0.03031139,0.06252823,1.73264481,0.89819400,-0.02930478
X02,2004-03-14T00:45:00,1737,0.92867812,0.00644915,0.03034669,0.07351344,1.83922232,0.93819365,0.01024632
X02,2004-03-14T01:25:00,1745,0.92781607,0.00644317,0.03039540,0.07536984,1.80023590,0.95250741,0.02661232
X02,2004-03-14T02:10:00,1754,0.93544425,0.00649614,0.02785610,0.06425309,1.78704449,0.88336770,-0.05567040
X02,2004-03-14T02:50:00,1762,0.87116310,0.00604974,0.03135993,0.05924362,1.71699578,0.84371623,-0.03150600
X02,2004-03-14T03:35:00,1771,0.91134534,0.00632879,0.03524228,0.06274080,1.82972358,0.88375110,-0.03027858
X02,2004-03-14T04:15:00,1779,0.88371129,0.00613688,0.03035234,0.06227441,1.77838679,0.89333346,0.01088836
X02,2004-03-14T04:55:00,1787,0.86426789,0.00600186,0.02902336,0.05885760,1.69842568,0.92232511,0.06717504
X02,2004-03-14T05:40:00,1796,0.88064769,0.00611561,0.03075388,0.06476329,1.81171879,0.88627890,0.00639439
X02,2004-03-14T06:20:00,1804,0.83996307,0.00583308,0.03292655,0.05732153,1.76447042,0.84672213,0.00804686
X02,2004-03-14T07:05:00,1813,0.83671848,0.00581055,0.02686527,0.05199374,1.65937604,0.85193143,0.01818168
X02,2004-03-14T07:45:00,1821,0.81292802,0.00564533,0.02755325,0.05299910,1.74392175,0.80900475,-0.00482609
X02,2004-03-14T08:30:00,1830,0.84162497,0.00584462,0.02506723,0.05308078,1.73639056,0.81331993,-0.03363141
X02,2004-03-14T09:10:00,1838,0.82201017,0.00570840,0.02606245,0.06389673,1.92294734,0.76541166,-0.06885378
X02,2004-03-14T09:50:00,1846,0.78186427,0.00542961,0.02642189,0.05480369,1.73151100,0.78564950,0.00484129
X02,2004-03-14T10:35:00,1855,0.78747545,0.00546858,0.02132106,0.05893738,1.87283903,0.75799762,-0.03743333
X02,2004-03-14T11:15:00,1863,0.71601206,0.00497231,0.02528732,0.06132074,1.83668858,0.72182519,0.00811875
X02,2004-03-14T12:00:00,1872,0.72723657,0.00505025,0.02308904,0.05209754,1.79446506,0.70949285,-0.02439882
X02,2004-03-14T12:40:00,1880,0.73357896,0.00509430,0.02494415,0.04689932,1.74574135,0.69146502,-0.05740887
X02,2004-03-14T13:25:00,1889,0.73228356,0.00508530,0.02188372,0.05237136,1.70297072,0.77919465,0.06406137
X02,2004-03-14T14:05:00,1897,0.69857117,0.00485119,0.02249046,0.04973239,1.77244404,0.80157315,0.14744665
X02,2004-03-14T14:45:00,1905,0.80243159,0.00557244,0.02328024,0.04967063,1.69317119,0.78059969,-0.02720719
X02,2004-03-14T15:30:00,1914,0.80475140,0.00558855,0.02508800,0.05286052,1.72487481,0.78710365,-0.02192945
X02,2004-03-14T16:10:00,1922,0.86701481,0.00602094,0.02613225,0.06969973,1.90780624,0.85233275,-0.01693404
X02,2004-03-14T16:55:00,1931,0.84747817,0.00588527,0.02609121,0.05530831,1.74008907,0.87208825,0.02903919
X02,2004-03-14T17:35:00,1939,0.86123363,0.00598079,0.02837039,0.05781132,1.81679859,0.86855037,0.00849565
X02,2004-03-14T18:20:00,1948,0.91975666,0.00638720,0.02708845,0.06690175,1.78948837,0.88219101,-0.04084303
X02,2004-03-14T19:00:00,1956,0.95806719,0.00665324,0.02707715,0.05617441,1.66153115,0.91104223,-0.04908316
X02,2004-03-14T19:40:00,1964,1.01343026,0.00703771,0.03057855,0.05732564,1.64322291,1.00706150,-0.00628436
X02,2004-03-14T20:25:00,1973,0.97373685,0.00676206,0.02989439,0.06857704,1.71543352,1.01437224,0.04173139
X02,2004-03-14T21:05:00,1981,0.94049303,0.00653120,0.02802373,0.06619909,1.71914498,0.97851691,0.04042973
X02,2004-03-14T21:50:00,1990,1.00644007,0.00698917,0.03123996,0.05867205,1.61534471,0.97861475,-0.02764726
X02,2004-03-14T22:30:00,1998,1.01933744,0.00707873,0.03273998,0.05675357,1.65457934,1.00910149,-0.01004176
X02,2004-03-14T23:15:00,2007,0.95489214,0.00663120,0.03098061,0.06496309,1.75325952,0.91104114,-0.04592246
X02,2004-03-14T23:55:00,2015,0.93912666,0.00652171,0.02885546,0.05224071,1.66227708,0.93912666,0.00000000
X03,2004-04-02T00:00:00,0,1.10762109,0.00769181,0.03443382,0.07560935,1.68142337,1.06375634,-0.03960266
X03,2004-04-02T00:40:00,8,1.05497973,0.00732625,0.03422131,0.07729036,1.68991392,1.07043723,0.01465194
X03,2004-04-02T01:25:00,17,1.09474441,0.00760239,0.03400038,0.06934233,1.64654236,1.09203962,-0.00247070
X03,2004-04-02T02:05:00,25,1.08133489,0.00750927,0.03243823,0.07287441,1.72861423,1.14272352,0.05677116
X03,2004-04-02T02:50:00,34,1.08662755,0.00754602,0.03576033,0.07417563,1.69868605,1.08338054,-0.00298815
X03,2004-04-02T03:30:00,42,1.08714286,0.00754960,0.03369363,0.07340420,1.69247017,1.06788533,-0.01771389
X03,2004-04-02T04:15:00,51,1.06413743,0.00738984,0.03293204,0.07312441,1.72405836,1.06211062,-0.00190466
X03,2004-04-02T04:55:00,59,1.02520044,0.00711945,0.03302171,0.07536958,1.73169201,1.02290035,-0.00224355
X03,2004-04-02T05:35:00,67,0.98904176,0.00686835,0.03113947,0.06840492,1.70894176,1.01615199,0.02741060
X03,2004-04-02T06:20:00,76,0.99700146,0.00692362,0.03029515,0.06975192,1.68486598,1.06585001,0.06905562
X03,2004-04-02T07:00:00,84,1.17609526,0.00816733,0.03261423,0.14599096,2.07297244,1.12709808,-0.04166089
X03,2004-04-02T07:45:00,93,0.98291834,0.00682582,0.03024461,0.07296112,1.80560697,1.00239911,0.01981932
X03,2004-04-02T08:25:00,101,1.11932066,0.00777306,0.03319322,0.14177199,2.15048385,1.07141507,-0.04279881
X03,2004-04-02T09:10:00,110,1.01247680,0.00703109,0.03256410,0.08155582,1.93888911,0.94105845,-0.07053826
X03,2004-04-02T09:50:00,118,0.91603165,0.00636133,0.03093180,0.09039027,1.91060945,0.91710071,0.00116706
X03,2004-04-02T10:30:00,126,0.91986353,0.00638794,0.02909202,0.08450326,1.88111128,0.89757113,-0.02423447
X03,2004-04-02T11:15:00,135,0.87436469,0.00607198,0.02826153,0.09329764,2.01858635,0.87087996,-0.00398544
X03,2004-04-02T11:55:00,143,0.85548083,0.00594084,0.03015891,0.08027920,1.92250014,0.86895683,0.01575255
X03,2004-04-02T12:40:00,152,0.86178186,0.00598460,0.02613513,0.07478987,1.86570500,0.86561134,0.00444368
X03,2004-04-02T13:20:00,160,0.87354557,0.00606629,0.02830609,0.08316370,1.94185193,0.87850687,0.00567950
X03,2004-04-02T14:05:00,169,0.92892991,0.00645090,0.02909295,0.09359774,1.91631489,0.98766015,0.06322354
X03,2004-04-02T14:45:00,177,1.05209399,0.00730621,0.03677533,0.09568449,1.84329993,1.01047354,-0.03955963
X03,2004-04-02T15:25:00,185,1.06547460,0.00739913,0.03631248,0.10205382,1.83499142,1.05720646,-0.00776005
X03,2004-04-02T16:10:00,194,1.12045549,0.00778094,0.03003720,0.09473753,1.82328035,1.06325830,-0.05104816
X03,2004-04-02T16:50:00,202,1.11420366,0.00773753,0.03580906,0.09070195,1.76378091,1.10064225,-0.01217140
X03,2004-04-02T17:35:00,211,1.13808089,0.00790334,0.03753758,0.08914867,1.72918944,1.15316037,0.01324992
X03,2004-04-02T18:15:00,219,1.19236774,0.00828033,0.03772675,0.09131886,1.69528492,1.16666487,-0.02155616
X03,2004-04-02T19:00:00,228,1.20129641,0.00834234,0.03154988,0.08092320,1.64536333,1.22084690,0.01627449
X03,2004-04-02T19:40:00,236,1.24816056,0.00866778,0.03568284,0.08417401,1.66588069,1.22694236,-0.01699958
X03,2004-04-02T20:20:00,244,1.19097011,0.00827063,0.03500937,0.07771065,1.60922415,1.20247216,0.00965772
X03,2004-04-02T21:05:00,253,1.16434314,0.00808572,0.03419144,0.07786897,1.64761674,1.23094133,0.05719808
X03,2004-04-02T21:45:00,261,1.13649493,0.00789233,0.03302086,0.07787589,1.67387387,1.12997905,-0.00573331
X03,2004-04-02T22:30:00,270,1.08984106,0.00756834,0.03052863,0.07299738,1.61244255,1.08702254,-0.00258618
X03,2004-04-02T23:10:00,278,1.12057332,0.00778176,0.03967164,0.07469031,1.78361277,1.04490349,-0.06752778
X03,2004-04-02T23:55:00,287,1.02510882,0.00711881,0.03543038,0.07367962,1.70981163,1.14182715,0.11385946
X03,2004-04-03T00:35:00,295,1.11189056,0.00772146,0.02971925,0.22711696,3.06606631,1.13095442,0.01714545
X03,2004-04-03T01:20:00,304,1.06678264,0.00740821,0.03106237,0.20343708,3.00765352,1.07364623,0.00643391
X03,2004-04-03T02:00:00,312,1.04817455,0.00727899,0.02674125,0.18835718,2.92465180,1.05730060,0.00870661
X03,2004-04-03T02:40:00,320,1.04583799,0.00726276,0.02777290,0.19749247,2.94756525,1.06014903,0.01368379
X03,2004-04-03T03:25:00,329,1.08351687,0.00752442,0.02822233,0.19264508,2.89090364,1.07716858,-0.00585897
X03,2004-04-03T04:05:00,337,0.98039115,0.00680827,0.02349911,0.15790896,2.83809250,0.99090283,0.01072193
X03,2004-04-03T04:50:00,346,0.92029288,0.00639092,0.02485584,0.12532764,2.60278504,0.93358262,0.01444077
X03,2004-04-03T05:30:00,354,0.92610676,0.00643130,0.02620033,0.12308350,2.55102120,0.93709568,0.01186572
X03,2004-04-03T06:15:00,363,0.89602264,0.00622238,0.02723724,0.11626958,2.51720195,0.90543083,0.01049995
X03,2004-04-03T06:55:00,371,0.89970116,0.00624792,0.02720487,0.12353741,2.58344012,0.93834354,0.04295023
X03,2004-04-03T07:35:00,379,0.91827202,0.00637689,0.03123637,0.12421821,2.55270090,0.90116966,-0.01862450
X03,2004-04-03T08:20:00,388,0.85997364,0.00597204,0.02598762,0.12093212,2.57530387,0.85402767,-0.00691414
X03,2004-04-03T09:00:00,396,0.86344304,0.00599613,0.02589268,0.11555386,2.57287640,0.82815834,-0.04086512
X03,2004-04-03T09:45:00,405,0.77866724,0.00540741,0.02297222,0.10558810,2.54841681,0.77951968,0.00109473
X03,2004-04-03T10:25:00,413,0.79597092,0.00552758,0.02451408,0.10673048,2.53769094,0.76474563,-0.03922918
X03,2004-04-03T11:10:00,422,0.74492603,0.00517310,0.02350898,0.09643653,2.54650658,0.72583784,-0.02562428
X03,2004-04-03T11:50:00,430,0.70539138,0.00489855,0.02370344,0.10051695,2.58720634,0.68742102,-0.02547573
X03,2004-04-03T12:30:00,438,0.70127878,0.00486999,0.02016607,0.10362774,2.62185476,0.68303463,-0.02601555
X03,2004-04-03T13:15:00,447,0.67218133,0.00466793,0.01825751,0.09636318,2.63629089,0.68101417,0.01314056
X03,2004-04-03T13:55:00,455,0.65198791,0.00452769,0.01694441,0.09461822,2.61265648,0.69200033,0.06136989
X03,2004-04-03T14:40:00,464,0.73427585,0.00509914,0.02097629,0.10308949,2.57233915,0.73897153,0.00639498
X03,2004-04-03T15:20:00,472,0.75042991,0.00521132,0.02055725,0.10179435,2.56261010,0.74943720,-0.00132287
X03,2004-04-03T16:05:00,481,0.78945408,0.00548232,0.02399655,0.11332853,2.61632589,0.82749069,0.04818090
X03,2004-04-03T16:45:00,489,0.77360821,0.00537228,0.02033877,0.11330320,2.63323465,0.76797426,-0.00728269
X03,2004-04-03T17:25:00,497,0.79173310,0.00549815,0.02721232,0.10382102,2.53791900,0.77734135,-0.01817753
X03,2004-04-03T18:10:00,506,0.89976523,0.00624837,0.03091410,0.10788222,2.54251718,0.83758072,-0.06911192
X03,2004-04-03T18:50:00,514,0.82301507,0.00571538,0.02882420,0.11084549,2.55555185,0.84745787,0.02969908
X03,2004-04-03T19:35:00,523,0.90603026,0.00629188,0.02860225,0.13021916,2.62998404,0.89188168,-0.01561601
X03,2004-04-03T20:15:00,531,0.90394988,0.00627743,0.02497113,0.12443472,2.60106715,0.91789121,0.01542267
X03,2004-04-03T21:00:00,540,0.89600143,0.00622223,0.02814475,0.12284439,2.55353809,0.90342700,0.00828745
X03,2004-04-03T21:40:00,548,0.93299748,0.00647915,0.02561998,0.11493007,2.46880058,0.91371852,-0.02066347
X03,2004-04-03T22:20:00,556,0.93568186,0.00649779,0.02878522,0.12277354,2.47652546,0.95949296,0.02544786
X03,2004-04-03T23:05:00,565,0.87731078,0.00609244,0.02862834,0.12095573,2.59132490,0.92471427,0.05403272
X03,2004-04-03T23:45:00,573,0.89853457,0.00623982,0.02718717,0.11728666,2.54871914,0.91263240,0.01568980
X03,2004-04-04T00:30:00,582,0.87004839,0.00604200,0.02738900,0.06146463,1.74121866,0.85502224,-0.01727048
X03,2004-04-04T01:10:00,590,0.92799485,0.00644441,0.02794948,0.06663169,1.80516584,0.85975852,-0.07353094
X03,2004-04-04T01:55:00,599,0.87055234,0.00604550,0.02615755,0.06101098,1.69366548,0.90289207,0.03714853
X03,2004-04-04T02:35:00,607,0.86587875,0.00601305,0.02648092,0.06347616,1.73402634,0.87691736,0.01274845
X03,2004-04-04T03:15:00,615,0.89078181,0.00618598,0.02624909,0.07619119,1.80355213,0.88312010,-0.00860111
X03,2004-04-04T04:00:00,624,0.90124065,0.00625862,0.02729387,0.06563546,1.75871868,0.88269516,-0.02057773
X03,2004-04-04T04:40:00,632,0.84468153,0.00586584,0.02591094,0.06299486,1.74615601,0.82379882,-0.02472259
X03,2004-04-04T05:25:00,641,0.84841288,0.00589176,0.02895623,0.06250072,1.78444763,0.83054521,-0.02106011
X03,2004-04-04T06:05:00,649,0.79583623,0.00552664,0.02649653,0.05764296,1.72729760,0.87704602,0.10204335
X03,2004-04-04T06:50:00,658,0.82198428,0.00570822,0.02513847,0.06540196,1.76111063,0.81567384,-0.00767707
X03,2004-04-04T07:30:00,666,0.83962769,0.00583075,0.02644161,0.06549596,1.73845589,0.84671054,0.00843570
X03,2004-04-04T08:10:00,674,0.85692642,0.00595088,0.02799250,0.06537172,1.87954385,0.82588392,-0.03622539
X03,2004-04-04T08:55:00,683,0.74901316,0.00520148,0.02422827,0.05530484,1.77420441,0.77465995,0.03424078
X03,2004-04-04T09:35:00,691,0.79265530,0.00550455,0.02485495,0.06052711,1.78564873,0.78208146,-0.01333976
X03,2004-04-04T10:20:00,700,0.79202628,0.00550018,0.02587469,0.06612088,1.83289505,0.78596641,-0.00765110
X03,2004-04-04T11:00:00,708,0.74296757,0.00515950,0.02514015,0.05904129,1.84903332,0.69308436,-0.06714050
X03,2004-04-04T11:45:00,717,0.63397417,0.00440260,0.01787433,0.05577024,1.85180051,0.63204875,-0.00303707
X03,2004-04-04T12:25:00,725,0.65345748,0.00453790,0.01979103,0.05589121,1.90408539,0.63217318,-0.03257181
X03,2004-04-04T13:05:00,733,0.66122022,0.00459181,0.01717488,0.05378903,1.86091360,0.74245803,0.12286045
X03,2004-04-04T13:50:00,742,0.66516636,0.00461921,0.01836072,0.05388953,1.78470894,0.67001504,0.00728942
X03,2004-04-04T14:30:00,750,0.73803751,0.00512526,0.02431180,0.05557075,1.91521794,0.65401663,-0.11384365
X03,2004-04-04T15:15:00,759,0.69766004,0.00484486,0.02044590,0.07500985,2.00483212,0.69326548,-0.00629901
X03,2004-04-04T15:55:00,767,0.71235264,0.00494689,0.01988687,0.06019922,1.83423695,0.74974319,0.05248883
X03,2004-04-04T16:40:00,776,0.76805038,0.00533368,0.02303579,0.06489465,1.79158663,0.76132564,-0.00875559
X03,2004-04-04T17:20:00,784,0.75042266,0.00521127,0.02060595,0.05580710,1.78500630,0.75792343,0.00999539
X03,2004-04-04T18:05:00,793,0.78400067,0.00544445,0.02170017,0.05538497,1.75710871,0.87383192,0.11458057
X03,2004-04-04T18:45:00,801,0.79518075,0.00552209,0.02193503,0.05451904,1.72077461,0.78977531,-0.00679775
X03,2004-04-04T19:25:00,809,0.85470657,0.00593546,0.02326280,0.06423887,1.78604887,0.87724195,0.02636623
X03,2004-04-04T20:10:00,818,0.97089151,0.00674230,0.02900480,0.06216126,1.82861425,0.89978087,-0.07324262
X03,2004-04-04T20:50:00,826,0.89846216,0.00623932,0.02728175,0.05575725,1.68455591,0.87791519,-0.02286904
X03,2004-04-04T21:35:00,835,0.97422944,0.00676548,0.02876819,0.07173164,1.74404971,0.96905277,-0.00531360
X03,2004-04-04T22:15:00,843,0.95789436,0.00665204,0.02650231,0.07608975,1.73968679,0.98241253,0.02559590
X03,2004-04-04T23:00:00,852,0.91180869,0.00633200,0.02586886,0.06410044,1.69609943,0.90228875,-0.01044072
X03,2004-04-04T23:40:00,860,0.94365081,0.00655313,0.02864772,0.06123506,1.66230306,0.91890637,-0.02622203
X03,2004-04-05T00:20:00,868,0.91498514,0.00635406,0.03194398,0.06210759,1.73673903,0.91697473,0.00217445
X03,2004-04-05T01:05:00,877,0.95054811,0.00660103,0.03070990,0.06194450,1.66589843,1.02482100,0.07813691
X03,2004-04-05T01:45:00,885,0.93074973,0.00646354,0.02901250,0.06525052,1.67867027,0.92397072,-0.00728339
X03,2004-04-05T02:30:00,894,1.00691666,0.00699248,0.03149768,0.06392298,1.65066577,1.00577376,-0.00113505
X03,2004-04-05T03:10:00,902,1.06047690,0.00736442,0.03398461,0.06894881,1.75767712,1.02697337,-0.03159289
X03,2004-04-05T03:55:00,911,0.99510184,0.00691043,0.03118248,0.06726561,1.68786782,1.00671785,0.01167318
X03,2004-04-05T04:35:00,919,1.01448257,0.00704502,0.03219978,0.06909067,1.66196245,1.03055583,0.01584380
X03,2004-04-05T05:15:00,927,0.98880924,0.00686673,0.03412781,0.06519222,1.70740047,0.96561710,-0.02345462
X03,2004-04-05T06:00:00,936,1.01307348,0.00703523,0.03177167,0.05834796,1.60497730,0.97505545,-0.03752741
X03,2004-04-05T06:40:00,944,0.99485615,0.00690872,0.03259289,0.06763418,1.69066267,0.96628522,-0.02871866
X03,2004-04-05T07:25:00,953,0.97081774,0.00674179,0.02963764,0.07711396,1.79580380,0.98895945,0.01868704
X03,2004-04-05T08:05:00,961,0.97754850,0.00678853,0.03106348,0.08293976,1.79800996,1.01900988,0.04241363
X03,2004-04-05T08:50:00,970,0.92579424,0.00642913,0.03182511,0.09677168,1.91325975,0.91581775,-0.01077614
X03,2004-04-05T09:30:00,978,0.94075282,0.00653301,0.03124123,0.09692973,1.92288960,0.93372843,-0.00746678
X03,2004-04-05T10:10:00,986,0.94992901,0.00659673,0.03191317,0.09116155,1.95889856,0.92909284,-0.02193445
X03,2004-04-05T10:55:00,995,0.86185306,0.00598509,0.02750169,0.09044268,1.96605398,0.90083564,0.04523113
X03,2004-04-05T11:35:00,1003,0.88257488,0.00612899,0.02868690,0.08537297,1.93885688,0.89284738,0.01163924
X03,2004-04-05T12:20:00,1012,0.90622818,0.00629325,0.02774417,0.09038078,1.94581561,0.88812265,-0.01997900
X03,2004-04-05T13:00:00,1020,0.91331477,0.00634246,0.02750622,0.09314628,1.93792089,0.90955506,-0.00411655
X03,2004-04-05T13:45:00,1029,0.98897451,0.00686788,0.03027922,0.08621811,1.86602189,0.99624152,0.00734803
X03,2004-04-05T14:25:00,1037,1.07563589,0.00746969,0.03381776,0.09384950,1.80968753,1.07740201,0.00164193
X03,2004-04-05T15:05:00,1045,1.10492301,0.00767308,0.03522039,0.08901239,1.76300155,1.20468934,0.09029257
X03,2004-04-05T15:50:00,1054,1.15823491,0.00804330,0.03581149,0.09708589,1.77715972,1.15903014,0.00068659
X03,2004-04-05T16:30:00,1062,1.18574219,0.00823432,0.03421171,0.09427300,1.72759858,1.17657682,-0.00772965
X03,2004-04-05T17:15:00,1071,1.19128248,0.00827279,0.03646673,0.09382340,1.77084932,1.17547731,-0.01326735
X03,2004-04-05T17:55:00,1079,1.16750893,0.00810770,0.03600191,0.08189326,1.67857364,1.18953383,0.01886487
X03,2004-04-05T18:40:00,1088,1.21567425,0.00844218,0.03705446,0.08281401,1.68205176,1.18976020,-0.02131660
X03,2004-04-05T19:20:00,1096,1.21824762,0.00846005,0.03601283,0.08633944,1.74992488,1.25107418,0.02694572
X03,2004-04-05T20:00:00,1104,1.25597448,0.00872204,0.03783152,0.08587520,1.68554347,1.21733616,-0.03076362
X03,2004-04-05T20:45:00,1113,1.24092112,0.00861751,0.04111253,0.08309883,1.64614644,1.24192226,0.00080677
X03,2004-04-05T21:25:00,1121,1.23841392,0.00860010,0.04000958,0.08374005,1.67717963,1.24886329,0.00843770
X03,2004-04-05T22:10:00,1130,1.21370054,0.00842848,0.03860367,0.08514280,1.73482855,1.16654572,-0.03885211
X03,2004-04-05T22:50:00,1138,1.11963798,0.00777526,0.03425786,0.09002829,1.70959264,1.12608328,0.00575659
X03,2004-04-05T23:35:00,1147,1.13959143,0.00791383,0.03471771,0.07943554,1.69657673,1.16029924,0.01817126
X03,2004-04-06T00:15:00,1155,1.11239577,0.00772497,0.03247972,0.24114915,3.30092621,1.11193564,-0.00041365
X03,2004-04-06T00:55:00,1163,1.05515667,0.00732748,0.03052138,0.23270319,3.35765142,1.53191912,0.45184043
X03,2004-04-06T01:40:00,1172,1.13741584,0.00789872,0.03584587,0.26505779,3.41598709,1.10723084,-0.02653823
X03,2004-04-06T02:20:00,1180,1.08919453,0.00756385,0.03585085,0.22956741,3.23352791,1.06859889,-0.01890905
X03,2004-04-06T03:05:00,1189,1.06370395,0.00738683,0.03360690,0.22477122,3.27722013,1.13000759,0.06233279
X03,2004-04-06T03:45:00,1197,1.07349611,0.00745483,0.03591014,0.23921588,3.32920889,1.05452805,-0.01766943
X03,2004-04-06T04:30:00,1206,1.09182169,0.00758210,0.03452827,0.24405970,3.32970521,1.09168309,-0.00012695
X03,2004-04-06T05:10:00,1214,1.12739769,0.00782915,0.03517017,0.23366799,3.16316035,1.06079084,-0.05908018
X03,2004-04-06T05:50:00,1222,1.09205653,0.00758373,0.03600803,0.26892953,3.50063982,1.03049931,-0.05636816
X03,2004-04-06T06:35:00,1231,1.50954638,0.01048296,0.03094203,0.70986774,5.74771667,1.53861983,0.01925973
X03,2004-04-06T07:15:00,1239,1.04164060,0.00723362,0.03434554,0.25862607,3.53509426,1.01686660,-0.02378363
X03,2004-04-06T08:00:00,1248,1.04277461,0.00724149,0.03467738,0.24465968,3.35031119,0.99786219,-0.04307011
X03,2004-04-06T08:40:00,1256,1.41089959,0.00979791,0.03081853,0.67753386,5.84632186,0.96680043,-0.31476312
X03,2004-04-06T09:25:00,1265,1.40324695,0.00974477,0.03363878,0.66841921,5.81019178,1.39427589,-0.00639307
X03,2004-04-06T10:05:00,1273,0.90741875,0.00630152,0.02806357,0.24084207,3.64226052,1.36521127,0.50449974
X03,2004-04-06T10:50:00,1282,0.88318929,0.00613326,0.02796897,0.24321256,3.71742191,1.21433636,0.37494462
X03,2004-04-06T11:30:00,1290,1.30825663,0.00908512,0.03055063,0.64054399,5.93432673,1.24422024,-0.04894788
X03,2004-04-06T12:10:00,1298,0.89857508,0.00624010,0.02890706,0.23845014,3.61875251,0.87065434,-0.03107225
X03,2004-04-06T12:55:00,1307,0.89806110,0.00623654,0.03090706,0.23095842,3.50461117,0.93053407,0.03615898
X03,2004-04-06T13:35:00,1315,0.97835957,0.00679416,0.02919298,0.25849010,3.58135313,1.05226161,0.07553668
X03,2004-04-06T14:20:00,1324,1.01610891,0.00705631,0.03244796,0.24504312,3.37738704,1.03574926,0.01932899
X03,2004-04-06T15:00:00,1332,1.11025505,0.00771010,0.03630031,0.25378043,3.26371254,1.09890856,-0.01021971
X03,2004-04-06T15:45:00,1341,1.56394126,0.01086070,0.03375333,0.72743275,5.67645069,1.52803686,-0.02295764
X03,2004-04-06T16:25:00,1349,1.15298798,0.00800686,0.03821239,0.27396910,3.38209929,1.16324938,0.00889983
X03,2004-04-06T17:05:00,1357,1.09774070,0.00762320,0.03704673,0.23473672,3.21274404,1.17290199,0.06846908
X03,2004-04-06T17:50:00,1366,1.18108892,0.00820201,0.03726238,0.26305829,3.25798821,1.17595794,-0.00434428
X03,2004-04-06T18:30:00,1374,1.75076073,0.01215806,0.04101040,0.79461579,5.56408970,1.22196607,-0.30203708
X03,2004-04-06T19:15:00,1383,1.69015053,0.01173716,0.03812296,0.78521165,5.67931443,1.69359737,0.00203937
X03,2004-04-06T19:55:00,1391,1.16781609,0.00810983,0.03923301,0.25797509,3.31755341,1.20617879,0.03284995
X03,2004-04-06T20:40:00,1400,1.70979123,0.01187355,0.04334740,0.76196066,5.46196594,1.66514077,-0.02611457
X03,2004-04-06T21:20:00,1408,1.64205162,0.01140314,0.03740717,0.73495942,5.49739694,1.63446927,-0.00461760
X03,2004-04-06T22:00:00,1416,1.62080594,0.01125560,0.03825428,0.70549885,5.35412826,1.12709938,-0.30460559
X03,2004-04-06T22:45:00,1425,1.07269457,0.00744927,0.03168041,0.22823209,3.25931356,1.09050946,0.01660761
X03,2004-04-06T23:25:00,1433,1.54591414,0.01073551,0.03215982,0.70239177,5.57454976,1.55440202,0.00549052
X03,2004-04-07T00:10:00,1442,1.12421606,0.00780706,0.03834830,0.07019713,1.75396750,1.06034534,-0.05681356
X03,2004-04-07T00:50:00,1450,0.97135575,0.00674553,0.03288946,0.05949118,1.73134134,0.98251212,0.01148536
X03,2004-04-07T01:35:00,1459,1.03276886,0.00717201,0.02954318,0.06391362,1.70666336,1.02492055,-0.00759929
X03,2004-04-07T02:15:00,1467,1.07470025,0.00746320,0.03109688,0.06868935,1.71725675,1.07825269,0.00330552
X03,2004-04-07T02:55:00,1475,1.01317672,0.00703595,0.03196894,0.06446436,1.70356731,1.02383005,0.01051478
X03,2004-04-07T03:40:00,1484,1.02734155,0.00713432,0.03458219,0.06317386,1.71931489,1.05595599,0.02785290
X03,2004-04-07T04:20:00,1492,1.03015128,0.00715383,0.03619085,0.06557495,1.72007819,1.04292355,0.01239844
X03,2004-04-07T05:05:00,1501,0.99997772,0.00694429,0.03139156,0.07301998,1.75379476,1.00949637,0.00951886
X03,2004-04-07T05:45:00,1509,0.94573719,0.00656762,0.03086455,0.06237955,1.72688891,0.93753473,-0.00867309
X03,2004-04-07T06:30:00,1518,0.94654490,0.00657323,0.03075427,0.06368578,1.73090031,0.95703157,0.01107889
X03,2004-04-07T07:10:00,1526,0.96730124,0.00671737,0.02895996,0.06330268,1.80710712,0.92854735,-0.04006393
X03,2004-04-07T07:50:00,1534,0.96334505,0.00668990,0.02916769,0.07338793,1.83444674,0.97376851,0.01082007
X03,2004-04-07T08:35:00,1543,0.91305627,0.00634067,0.02917069,0.06809646,1.83870323,0.89568797,-0.01902216
X03,2004-04-07T09:15:00,1551,0.92262427,0.00640711,0.02882183,0.09604155,2.01375691,0.88979425,-0.03558331
X03,2004-04-07T10:00:00,1560,0.86781072,0.00602646,0.03030556,0.06943243,1.91888682,0.84588294,-0.02526792
X03,2004-04-07T10:40:00,1568,0.90364443,0.00627531,0.02988626,0.07414029,1.91448757,0.88212963,-0.02380892
X03,2004-04-07T11:25:00,1577,0.86370518,0.00599795,0.02824492,0.07419869,1.91424102,0.84838911,-0.01773298
X03,2004-04-07T12:05:00,1585,0.78651647,0.00546192,0.02450020,0.06800892,1.92729735,0.84155334,0.06997548
X03,2004-04-07T12:45:00,1593,0.82190113,0.00570765,0.02622750,0.06902679,1.89363474,0.83954669,0.02146921
X03,2004-04-07T13:30:00,1602,0.89534512,0.00621767,0.02699191,0.07028841,1.82587301,0.90482508,0.01058805
X03,2004-04-07T14:10:00,1610,1.00914096,0.00700792,0.03347501,0.07783266,1.84670942,0.95636182,-0.05230105
X03,2004-04-07T14:55:00,1619,0.95856642,0.00665671,0.03127868,0.06591816,1.81009773,0.99931887,0.04251396
X03,2004-04-07T15:35:00,1627,1.04922481,0.00728628,0.03316137,0.08490509,1.84431504,1.07023128,0.02002094
X03,2004-04-07T16:20:00,1636,1.23869722,0.00860206,0.04052157,0.09108063,1.83608418,1.23841940,-0.00022429
X03,2004-04-07T17:00:00,1644,1.23878847,0.00860270,0.03550190,0.07887114,1.77651752,1.25703564,0.01472985
X03,2004-04-07T17:40:00,1652,1.27208244,0.00883391,0.03876818,0.07081022,1.76737551,1.14633004,-0.09885554
X03,2004-04-07T18:25:00,1661,1.24389290,0.00863815,0.03624820,0.11172783,1.92129534,1.26535822,0.01725657
X03,2004-04-07T19:05:00,1669,1.07020955,0.00743201,0.03641227,0.07198251,1.77136651,1.13846607,0.06377864
X03,2004-04-07T19:50:00,1678,1.17812323,0.00818141,0.03744587,0.07058591,1.71719832,1.16109830,-0.01445089
X03,2004-04-07T20:30:00,1686,1.24275363,0.00863023,0.03967422,0.07923081,1.73040954,1.24840398,0.00454663
X03,2004-04-07T21:15:00,1695,1.18307072,0.00821577,0.03667837,0.08912920,1.80056100,1.17228949,-0.00911292
X03,2004-04-07T21:55:00,1703,1.14721434,0.00796677,0.03637375,0.07161557,1.72511112,1.17212221,0.02171161
X03,2004-04-07T22:35:00,1711,1.16305210,0.00807675,0.03859474,0.07866955,1.81424654,1.14601239,-0.01465085
X03,2004-04-07T23:20:00,1720,1.10587339,0.00767968,0.03461577,0.07827796,1.77047134,1.10360008,-0.00205567
X03,2004-04-08T00:00:00,1728,1.07370031,0.00745625,0.03436843,0.06235998,1.65834741,1.08475879,0.01029941
X03,2004-04-08T00:45:00,1737,1.04307367,0.00724357,0.03127106,0.07372954,1.73503454,1.04745362,0.00419908
X03,2004-04-08T01:25:00,1745,1.08875682,0.00756081,0.03588917,0.06832603,1.64282896,1.11952840,0.02826304
X03,2004-04-08T02:10:00,1754,1.13857896,0.00790680,0.04268523,0.07023770,1.71059529,1.13026716,-0.00730015
X03,2004-04-08T02:50:00,1762,1.08660903,0.00754590,0.03223624,0.06574249,1.63006684,1.04388113,-0.03932223
X03,2004-04-08T03:35:00,1771,1.06613080,0.00740369,0.03333886,0.06663497,1.66843294,1.06715434,0.00096005
X03,2004-04-08T04:15:00,1779,0.99251769,0.00689248,0.02924495,0.06153576,1.63961125,0.99208745,-0.00043348
X03,2004-04-08T04:55:00,1787,1.01943457,0.00707941,0.03114911,0.06447151,1.64713792,1.02319353,0.00368730
X03,2004-04-08T05:40:00,1796,1.01872844,0.00707450,0.02830684,0.05778340,1.61152395,0.97429063,-0.04362086
X03,2004-04-08T06:20:00,1804,0.99426173,0.00690460,0.03174779,0.06347591,1.63204205,0.97199179,-0.02239846
X03,2004-04-08T07:05:00,1813,0.98114975,0.00681354,0.03022704,0.07537801,1.73609871,0.99380003,0.01289333
X03,2004-04-08T07:45:00,1821,0.93716252,0.00650807,0.02931482,0.06147332,1.68343468,0.96696979,0.03180587
X03,2004-04-08T08:30:00,1830,0.97664859,0.00678228,0.02928099,0.09118208,1.80387330,0.97408355,-0.00262637
X03,2004-04-08T09:10:00,1838,0.98332743,0.00682866,0.03248011,0.06957846,1.83291780,0.88358490,-0.10143369
X03,2004-04-08T09:50:00,1846,0.91000256,0.00631946,0.02951070,0.07426950,1.78520173,0.90067408,-0.01025104
X03,2004-04-08T10:35:00,1855,0.86309708,0.00599373,0.02809874,0.07693592,1.84591939,0.86221503,-0.00102196
X03,2004-04-08T11:15:00,1863,0.83242306,0.00578072,0.02790595,0.07520462,1.84823237,0.85558904,0.02782956
X03,2004-04-08T12:00:00,1872,0.85317049,0.00592480,0.02832554,0.07066663,1.81019342,0.82119048,-0.03748373
X03,2004-04-08T12:40:00,1880,0.84030660,0.00583546,0.02350914,0.07270703,1.77255810,0.84302368,0.00323343
X03,2004-04-08T13:25:00,1889,0.92229530,0.00640483,0.02750331,0.11280847,1.97016252,0.92564625,0.00363328
X03,2004-04-08T14:05:00,1897,1.95138502,0.01355128,0.02905499,0.99180821,6.10123335,2.05020874,0.05064286
X03,2004-04-08T14:45:00,1905,2.11988217,0.01472140,0.03272726,1.08303051,6.12877085,2.09682233,-0.01087788
X03,2004-04-08T15:30:00,1914,1.26690638,0.00879796,0.03630979,0.17865223,2.16074838,1.19924907,-0.05340357
X03,2004-04-08T16:10:00,1922,1.44257335,0.01001787,0.03790915,0.29868805,2.78090251,1.45690203,0.00993272
X03,2004-04-08T16:55:00,1931,2.19679188,0.01525550,0.03737491,1.07473737,5.86787408,2.03670704,-0.07287210
X03,2004-04-08T17:35:00,1939,2.17678347,0.01511655,0.03523340,1.03121907,5.69456270,1.85137951,-0.14948844
X03,2004-04-08T18:20:00,1948,1.13149792,0.00785762,0.03324782,0.07045413,1.58681228,1.12991702,-0.00139717
X03,2004-04-08T19:00:00,1956,1.15575468,0.00802607,0.03489670,0.07051350,1.62306408,1.11879004,-0.03198312
X03,2004-04-08T19:40:00,1964,1.19587110,0.00830466,0.03795457,0.06780858,1.58554093,1.21520751,0.01616931
X03,2004-04-08T20:25:00,1973,1.12819531,0.00783469,0.03758430,0.06284845,1.59252291,1.14782531,0.01739947
X03,2004-04-08T21:05:00,1981,1.11867665,0.00776859,0.03552294,0.06397297,1.60593004,1.17575386,0.05102208
X03,2004-04-08T21:50:00,1990,1.10769777,0.00769235,0.03419695,0.06822658,1.56788918,1.07334062,-0.03101673
X03,2004-04-08T22:30:00,1998,1.10845674,0.00769762,0.03561783,0.07084585,1.59421798,1.09624429,-0.01101753
X03,2004-04-08T23:15:00,2007,0.99299903,0.00689583,0.03209723,0.05929579,1.63388008,0.98823311,-0.00479952
X03,2004-04-08T23:55:00,2015,0.95753718,0.00664956,0.03051395,0.05416577,1.58115152,0.95753718,0.00000000
