Base Station ID,Cell ID,Timestamp,prb_pct,traffic_kbyte,users,minute
12326,12326-0,00:00,13.07000000,7045751.41000000,37.36000000,0
12326,12326-0,00:30,12.33000000,5995778.52000000,34.00000000,30
12326,12326-0,01:00,9.95000000,4246794.45000000,23.85000000,60
12326,12326-0,01:30,8.71000000,3018930.95000000,17.17000000,90
12326,12326-0,02:00,8.25000000,1874898.30000000,16.51000000,120
12326,12326-0,02:30,6.81000000,1239283.98000000,13.04000000,150
12326,12326-0,03:00,2.86000000,31353.39000000,0.83000000,180
12326,12326-0,03:30,0.00000000,0.00000000,0.00000000,210
12326,12326-0,04:00,0.00000000,0.00000000,0.00000000,240
12326,12326-0,04:30,0.00000000,0.00000000,0.00000000,270
12326,12326-0,05:00,5.43000000,129194.07000000,6.44000000,300
12326,12326-0,05:30,5.62000000,312605.48000000,8.36000000,330
12326,12326-0,06:00,5.44000000,162314.42000000,8.72000000,360
12326,12326-0,06:30,5.75000000,539683.40000000,9.13000000,390
12326,12326-0,07:00,6.98000000,1505273.80000000,23.70000000,420
12326,12326-0,07:30,9.27000000,3401557.06000000,32.51000000,450
12326,12326-0,08:00,8.39000000,3037491.35000000,26.79000000,480
12326,12326-0,08:30,8.15000000,2289142.51000000,22.48000000,510
12326,12326-0,09:00,8.13000000,2141925.17000000,20.35000000,540
12326,12326-0,09:30,12.65000000,9054829.11000000,18.57000000,570
12326,12326-0,10:00,80.34000000,104850262.25000000,20.81000000,600
12326,12326-0,10:30,88.92000000,118780911.41000000,21.98000000,630
12326,12326-0,11:00,94.68000000,130745424.34000000,46.06000000,660
12326,12326-0,11:30,94.40000000,107096212.44000000,90.19000000,690
12326,12326-0,12:00,98.02000000,103847227.18000001,76.84000000,720
12326,12326-0,12:30,84.28000000,98569151.50000000,50.46000000,750
12326,12326-0,13:00,85.87000000,111437998.84999999,37.36000000,780
12326,12326-0,13:30,86.34000000,116904317.63000000,32.00000000,810
12326,12326-0,14:00,93.37000000,132133530.39000000,27.00000000,840
12326,12326-0,14:30,79.67000000,116911824.00000000,23.53000000,870
12326,12326-0,15:00,79.56000000,112611501.42000000,20.78000000,900
12326,12326-0,15:30,69.52000000,100096820.94000000,21.42000000,930
12326,12326-0,16:00,48.46000000,68189081.05000000,20.73000000,960
12326,12326-0,16:30,63.71000000,91897764.31000000,22.43000000,990
12326,12326-0,17:00,62.75000000,80000966.83000000,40.27000000,1020
12326,12326-0,17:30,53.67000000,61243477.11000000,62.08000000,1050
12326,12326-0,18:00,63.71000000,80843646.91000000,38.52000000,1080
12326,12326-0,18:30,74.62000000,98061733.22000000,31.83000000,1110
12326,12326-0,19:00,35.09000000,45186427.49000000,29.23000000,1140
12326,12326-0,19:30,10.32000000,4404407.93000000,24.32000000,1170
12326,12326-0,20:00,9.64000000,3843059.07000000,24.72000000,1200
12326,12326-0,20:30,10.93000000,5941328.45000000,25.16000000,1230
12326,12326-0,21:00,9.50000000,3946661.27000000,23.83000000,1260
12326,12326-0,21:30,9.50000000,3209254.22000000,32.15000000,1290
12326,12326-0,22:00,12.66000000,5917837.92000000,42.82000000,1320
12326,12326-0,22:30,18.55000000,13632537.25000000,44.69000000,1350
12326,12326-0,23:00,12.66000000,6157512.31000000,37.82000000,1380
12326,12326-0,23:30,12.46000000,6457109.09000000,40.15000000,1410
12326,12326-1,00:00,5.96000000,676489.73000000,6.94000000,0
12326,12326-1,00:30,6.13000000,867145.08000000,6.69000000,30
12326,12326-1,01:00,6.11000000,851814.88000000,5.59000000,60
12326,12326-1,01:30,5.49000000,312016.20000000,3.36000000,90
12326,12326-1,02:00,5.42000000,152490.32000000,3.82000000,120
12326,12326-1,02:30,5.47000000,209027.79000000,3.04000000,150
12326,12326-1,03:00,2.66000000,549.06000000,0.29000000,180
12326,12326-1,03:30,0.00000000,0.00000000,0.00000000,210
12326,12326-1,04:00,0.00000000,0.00000000,0.00000000,240
12326,12326-1,04:30,0.00000000,0.00000000,0.00000000,270
12326,12326-1,05:00,5.28000000,27299.00000000,1.74000000,300
12326,12326-1,05:30,5.25000000,19111.87000000,1.97000000,330
12326,12326-1,06:00,5.28000000,29548.00000000,3.08000000,360
12326,12326-1,06:30,5.44000000,298412.44000000,3.36000000,390
12326,12326-1,07:00,5.67000000,474327.99000000,6.31000000,420
12326,12326-1,07:30,5.66000000,344084.80000000,5.29000000,450
12326,12326-1,08:00,5.83000000,353658.45000000,4.76000000,480
12326,12326-1,08:30,5.64000000,379762.72000000,3.64000000,510
12326,12326-1,09:00,6.12000000,771314.03000000,4.92000000,540
12326,12326-1,09:30,6.50000000,1008364.82000000,4.22000000,570
12326,12326-1,10:00,5.63000000,222388.40000000,3.73000000,600
12326,12326-1,10:30,5.56000000,174100.55000000,3.64000000,630
12326,12326-1,11:00,5.42000000,60169.04000000,2.91000000,660
12326,12326-1,11:30,6.26000000,690794.86000000,5.04000000,690
12326,12326-1,12:00,6.07000000,633646.97000000,5.87000000,720
12326,12326-1,12:30,6.17000000,551370.48000000,5.64000000,750
12326,12326-1,13:00,6.51000000,1125033.27000000,5.63000000,780
12326,12326-1,13:30,6.22000000,799911.34000000,4.18000000,810
12326,12326-1,14:00,5.65000000,277939.86000000,4.99000000,840
12326,12326-1,14:30,5.76000000,364868.12000000,4.17000000,870
12326,12326-1,15:00,5.59000000,93468.79000000,3.93000000,900
12326,12326-1,15:30,5.72000000,319945.63000000,4.62000000,930
12326,12326-1,16:00,6.25000000,586577.02000000,6.70000000,960
12326,12326-1,16:30,6.24000000,633774.79000000,4.84000000,990
12326,12326-1,17:00,6.08000000,411526.17000000,5.51000000,1020
12326,12326-1,17:30,6.96000000,1245027.51000000,5.94000000,1050
12326,12326-1,18:00,6.46000000,740430.07000000,5.72000000,1080
12326,12326-1,18:30,7.13000000,1405281.56000000,6.34000000,1110
12326,12326-1,19:00,6.38000000,868216.25000000,4.88000000,1140
12326,12326-1,19:30,6.00000000,601094.33000000,5.42000000,1170
12326,12326-1,20:00,6.10000000,484380.05000000,6.77000000,1200
12326,12326-1,20:30,5.90000000,389869.43000000,6.85000000,1230
12326,12326-1,21:00,7.45000000,1334342.05000000,8.01000000,1260
12326,12326-1,21:30,6.16000000,604823.92000000,9.06000000,1290
12326,12326-1,22:00,7.74000000,1437234.18000000,11.79000000,1320
12326,12326-1,22:30,7.12000000,1656157.35000000,11.39000000,1350
12326,12326-1,23:00,6.50000000,1003092.29000000,9.31000000,1380
12326,12326-1,23:30,6.46000000,1020016.98000000,8.31000000,1410
12326,12326-2,00:00,26.42000000,14784571.20000000,76.54000000,0
12326,12326-2,00:30,24.28000000,14211390.84000000,63.04000000,30
12326,12326-2,01:00,15.17000000,8580691.15000000,51.85000000,60
12326,12326-2,01:30,12.27000000,7446965.80000000,40.37000000,90
12326,12326-2,02:00,12.69000000,8790439.17000000,34.83000000,120
12326,12326-2,02:30,9.78000000,5606786.42000000,29.97000000,150
12326,12326-2,03:00,3.48000000,356365.20000000,3.01000000,180
12326,12326-2,03:30,0.00000000,0.00000000,0.00000000,210
12326,12326-2,04:00,0.00000000,0.00000000,0.00000000,240
12326,12326-2,04:30,0.00000000,0.00000000,0.00000000,270
12326,12326-2,05:00,6.74000000,1558291.36000000,10.49000000,300
12326,12326-2,05:30,6.58000000,1429110.38000000,11.77000000,330
12326,12326-2,06:00,6.83000000,1611241.47000000,11.26000000,360
12326,12326-2,06:30,6.27000000,1073661.60000000,19.61000000,390
12326,12326-2,07:00,7.17000000,1813765.00000000,33.66000000,420
12326,12326-2,07:30,10.54000000,5617931.72000000,41.36000000,450
12326,12326-2,08:00,9.27000000,3741677.20000000,38.11000000,480
12326,12326-2,08:30,10.60000000,4948024.42000000,34.30000000,510
12326,12326-2,09:00,11.84000000,6519664.57000000,37.19000000,540
12326,12326-2,09:30,13.90000000,8394153.18000000,40.40000000,570
12326,12326-2,10:00,12.87000000,6814839.43000000,33.94000000,600
12326,12326-2,10:30,13.51000000,7595188.47000000,32.64000000,630
12326,12326-2,11:00,12.25000000,6384689.67000000,30.99000000,660
12326,12326-2,11:30,15.11000000,7880188.83000000,41.23000000,690
12326,12326-2,12:00,15.85000000,8384548.98000000,51.42000000,720
12326,12326-2,12:30,19.57000000,11163714.62000000,56.01000000,750
12326,12326-2,13:00,15.95000000,9748387.93000000,49.50000000,780
12326,12326-2,13:30,13.20000000,7282587.70000000,38.44000000,810
12326,12326-2,14:00,13.41000000,7434823.30000000,36.28000000,840
12326,12326-2,14:30,12.92000000,7078480.81000000,32.87000000,870
12326,12326-2,15:00,11.14000000,5814650.75000000,29.61000000,900
12326,12326-2,15:30,9.17000000,3444411.29000000,27.27000000,930
12326,12326-2,16:00,10.32000000,4466391.50000000,25.68000000,960
12326,12326-2,16:30,9.29000000,3404884.61000000,21.09000000,990
12326,12326-2,17:00,9.18000000,3035633.31000000,23.60000000,1020
12326,12326-2,17:30,13.88000000,7683402.88000000,34.78000000,1050
12326,12326-2,18:00,10.77000000,4689598.71000000,31.88000000,1080
12326,12326-2,18:30,11.83000000,5385098.57000000,35.56000000,1110
12326,12326-2,19:00,13.96000000,8222284.92000000,34.25000000,1140
12326,12326-2,19:30,13.30000000,7691344.34000000,37.59000000,1170
12326,12326-2,20:00,15.93000000,9639000.23000000,45.06000000,1200
12326,12326-2,20:30,16.25000000,10134146.10000000,48.32000000,1230
12326,12326-2,21:00,18.96000000,11265179.55000000,59.61000000,1260
12326,12326-2,21:30,18.35000000,10337690.00000000,65.69000000,1290
12326,12326-2,22:00,20.73000000,11880679.62000000,73.71000000,1320
12326,12326-2,22:30,24.03000000,14424049.92000000,81.80000000,1350
12326,12326-2,23:00,26.69000000,18415241.28000000,84.13000000,1380
12326,12326-2,23:30,25.64000000,14907981.38000000,87.36000000,1410
12751,12751-0,00:00,5.83000000,631204.27000000,4.25000000,0
12751,12751-0,00:30,5.47000000,226614.65000000,2.94000000,30
12751,12751-0,01:00,5.34000000,111704.95000000,2.07000000,60
12751,12751-0,01:30,5.31000000,80736.34000000,1.76000000,90
12751,12751-0,02:00,5.34000000,166883.82000000,2.03000000,120
12751,12751-0,02:30,5.65000000,555075.03000000,3.04000000,150
12751,12751-0,03:00,2.87000000,68658.88000000,0.19000000,180
12751,12751-0,03:30,0.00000000,0.00000000,0.00000000,210
12751,12751-0,04:00,0.00000000,0.00000000,0.00000000,240
12751,12751-0,04:30,0.00000000,0.00000000,0.00000000,270
12751,12751-0,05:00,5.49000000,316541.13000000,2.56000000,300
12751,12751-0,05:30,5.52000000,474353.53000000,2.69000000,330
12751,12751-0,06:00,5.63000000,275420.74000000,4.94000000,360
12751,12751-0,06:30,6.06000000,638519.46000000,7.72000000,390
12751,12751-0,07:00,6.35000000,674550.76000000,10.66000000,420
12751,12751-0,07:30,7.39000000,1555877.95000000,17.14000000,450
12751,12751-0,08:00,7.06000000,1265594.73000000,12.97000000,480
12751,12751-0,08:30,6.91000000,867351.01000000,11.58000000,510
12751,12751-0,09:00,7.40000000,858128.61000000,11.19000000,540
12751,12751-0,09:30,11.47000000,547245.07000000,11.97000000,570
12751,12751-0,10:00,6.69000000,606097.34000000,11.57000000,600
12751,12751-0,10:30,8.37000000,1825582.81000000,20.24000000,630
12751,12751-0,11:00,8.37000000,1456582.99000000,16.09000000,660
12751,12751-0,11:30,6.98000000,673242.43000000,9.34000000,690
12751,12751-0,12:00,7.27000000,782697.10000000,11.27000000,720
12751,12751-0,12:30,7.58000000,847792.48000000,10.08000000,750
12751,12751-0,13:00,8.46000000,739098.96000000,11.05000000,780
12751,12751-0,13:30,7.75000000,689623.53000000,11.16000000,810
12751,12751-0,14:00,6.10000000,209322.53000000,9.30000000,840
12751,12751-0,14:30,6.91000000,733398.64000000,11.69000000,870
12751,12751-0,15:00,6.78000000,615122.17000000,10.26000000,900
12751,12751-0,15:30,7.96000000,1096056.19000000,12.45000000,930
12751,12751-0,16:00,7.68000000,654067.28000000,11.62000000,960
12751,12751-0,16:30,7.79000000,790692.81000000,10.45000000,990
12751,12751-0,17:00,7.16000000,733164.21000000,13.30000000,1020
12751,12751-0,17:30,8.23000000,1005501.43000000,16.32000000,1050
12751,12751-0,18:00,6.79000000,696804.74000000,11.55000000,1080
12751,12751-0,18:30,8.61000000,1608553.60000000,10.96000000,1110
12751,12751-0,19:00,6.70000000,770250.27000000,9.35000000,1140
12751,12751-0,19:30,6.21000000,407244.39000000,6.71000000,1170
12751,12751-0,20:00,6.36000000,581880.48000000,7.99000000,1200
12751,12751-0,20:30,6.41000000,533263.52000000,6.72000000,1230
12751,12751-0,21:00,6.47000000,676861.42000000,6.41000000,1260
12751,12751-0,21:30,6.29000000,385367.37000000,5.96000000,1290
12751,12751-0,22:00,6.56000000,655530.06000000,5.19000000,1320
12751,12751-0,22:30,5.82000000,295946.91000000,4.23000000,1350
12751,12751-0,23:00,5.48000000,214529.00000000,3.23000000,1380
12751,12751-0,23:30,5.41000000,136307.09000000,2.46000000,1410
12751,12751-1,00:00,33.56000000,42122638.08000000,17.61000000,0
12751,12751-1,00:30,17.61000000,15442057.28000000,15.82000000,30
12751,12751-1,01:00,34.33000000,40105195.81000000,17.12000000,60
12751,12751-1,01:30,86.94000000,118173172.56000000,14.18000000,90
12751,12751-1,02:00,57.15000000,77076018.03000000,13.60000000,120
12751,12751-1,02:30,17.18000000,17485739.30000000,11.88000000,150
12751,12751-1,03:00,3.00000000,127483.88000000,1.69000000,180
12751,12751-1,03:30,0.00000000,0.00000000,0.00000000,210
12751,12751-1,04:00,0.00000000,0.00000000,0.00000000,240
12751,12751-1,04:30,0.00000000,0.00000000,0.00000000,270
12751,12751-1,05:00,6.19000000,895528.75000000,11.81000000,300
12751,12751-1,05:30,5.79000000,474343.11000000,12.44000000,330
12751,12751-1,06:00,7.09000000,1831472.69000000,16.50000000,360
12751,12751-1,06:30,7.05000000,1293087.44000000,22.25000000,390
12751,12751-1,07:00,8.93000000,2614909.47000000,32.44000000,420
12751,12751-1,07:30,10.08000000,3385882.69000000,39.59000000,450
12751,12751-1,08:00,8.30000000,1766654.30000000,33.03000000,480
12751,12751-1,08:30,64.86000000,52334232.78000000,41.12000000,510
12751,12751-1,09:00,92.41000000,76226793.91000000,44.59000000,540
12751,12751-1,09:30,97.00000000,53935969.49000000,42.94000000,570
12751,12751-1,10:00,97.23000000,85018921.31000000,40.29000000,600
12751,12751-1,10:30,97.34000000,68433326.34000000,41.61000000,630
12751,12751-1,11:00,97.30000000,69026210.51000001,43.46000000,660
12751,12751-1,11:30,96.20000000,68848745.62000000,42.27000000,690
12751,12751-1,12:00,92.52000000,74615586.61000000,41.75000000,720
12751,12751-1,12:30,96.98000000,96191119.16000000,38.53000000,750
12751,12751-1,13:00,96.93000000,53438643.96000000,36.49000000,780
12751,12751-1,13:30,96.90000000,54894344.20000000,30.80000000,810
12751,12751-1,14:00,96.91000000,41093314.75000000,35.38000000,840
12751,12751-1,14:30,97.10000000,44488130.27000000,33.23000000,870
12751,12751-1,15:00,96.49000000,48065531.27000000,31.20000000,900
12751,12751-1,15:30,96.33000000,81870761.87000000,33.78000000,930
12751,12751-1,16:00,96.61000000,88829482.67000000,36.25000000,960
12751,12751-1,16:30,97.08000000,102150318.15000001,37.48000000,990
12751,12751-1,17:00,96.49000000,104898578.45000000,41.15000000,1020
12751,12751-1,17:30,95.86000000,108725918.45999999,40.23000000,1050
12751,12751-1,18:00,92.49000000,111572207.48000000,38.55000000,1080
12751,12751-1,18:30,67.75000000,62993044.81000000,42.23000000,1110
12751,12751-1,19:00,68.83000000,85483218.92000000,40.95000000,1140
12751,12751-1,19:30,65.61000000,84528788.79000001,45.10000000,1170
12751,12751-1,20:00,71.02000000,96872424.59999999,38.01000000,1200
12751,12751-1,20:30,64.94000000,87307264.43000001,34.94000000,1230
12751,12751-1,21:00,59.40000000,69168425.65000001,30.80000000,1260
12751,12751-1,21:30,52.67000000,54590442.09000000,26.89000000,1290
12751,12751-1,22:00,71.04000000,89329160.91000000,23.03000000,1320
12751,12751-1,22:30,64.98000000,81147430.92000000,21.54000000,1350
12751,12751-1,23:00,24.27000000,24383205.59000000,22.79000000,1380
12751,12751-1,23:30,6.83000000,975726.60000000,16.30000000,1410
12751,12751-2,00:00,6.58000000,981467.58000000,14.93000000,0
12751,12751-2,00:30,5.88000000,425244.12000000,11.20000000,30
12751,12751-2,01:00,6.01000000,579211.82000000,12.16000000,60
12751,12751-2,01:30,5.84000000,491031.25000000,10.22000000,90
12751,12751-2,02:00,5.80000000,621281.69000000,9.43000000,120
12751,12751-2,02:30,5.81000000,683350.63000000,9.51000000,150
12751,12751-2,03:00,2.81000000,65998.45000000,1.00000000,180
12751,12751-2,03:30,0.00000000,0.00000000,0.00000000,210
12751,12751-2,04:00,0.00000000,0.00000000,0.00000000,240
12751,12751-2,04:30,0.00000000,0.00000000,0.00000000,270
12751,12751-2,05:00,6.37000000,1058790.61000000,12.97000000,300
12751,12751-2,05:30,5.84000000,625945.60000000,9.96000000,330
12751,12751-2,06:00,6.03000000,603624.87000000,11.73000000,360
12751,12751-2,06:30,6.15000000,583783.91000000,15.42000000,390
12751,12751-2,07:00,7.22000000,1273728.45000000,22.26000000,420
12751,12751-2,07:30,7.89000000,1980688.65000000,24.42000000,450
12751,12751-2,08:00,7.66000000,1452032.05000000,22.39000000,480
12751,12751-2,08:30,8.06000000,1610241.02000000,23.55000000,510
12751,12751-2,09:00,9.80000000,3116029.23000000,30.11000000,540
12751,12751-2,09:30,11.32000000,3453286.10000000,34.56000000,570
12751,12751-2,10:00,9.99000000,2934978.31000000,38.50000000,600
12751,12751-2,10:30,14.56000000,5934428.66000000,48.39000000,630
12751,12751-2,11:00,13.14000000,5313046.76000000,41.00000000,660
12751,12751-2,11:30,9.87000000,3019707.41000000,30.91000000,690
12751,12751-2,12:00,9.63000000,2592980.68000000,27.54000000,720
12751,12751-2,12:30,9.89000000,2954237.52000000,29.22000000,750
12751,12751-2,13:00,9.55000000,2438042.78000000,28.28000000,780
12751,12751-2,13:30,9.32000000,1957981.82000000,28.63000000,810
12751,12751-2,14:00,8.15000000,1233011.74000000,26.75000000,840
12751,12751-2,14:30,7.91000000,1187014.64000000,24.63000000,870
12751,12751-2,15:00,8.89000000,2085873.82000000,25.61000000,900
12751,12751-2,15:30,9.26000000,2707887.06000000,27.26000000,930
12751,12751-2,16:00,8.63000000,2316560.34000000,27.68000000,960
12751,12751-2,16:30,8.76000000,2372910.71000000,26.95000000,990
12751,12751-2,17:00,8.49000000,2003908.00000000,25.50000000,1020
12751,12751-2,17:30,8.91000000,2338964.26000000,26.75000000,1050
12751,12751-2,18:00,8.58000000,2165012.51000000,26.37000000,1080
12751,12751-2,18:30,9.25000000,2529906.80000000,28.24000000,1110
12751,12751-2,19:00,9.46000000,2725734.13000000,34.05000000,1140
12751,12751-2,19:30,10.42000000,3380563.45000000,31.69000000,1170
12751,12751-2,20:00,13.72000000,5840597.70000000,36.53000000,1200
12751,12751-2,20:30,15.75000000,6828184.10000000,39.08000000,1230
12751,12751-2,21:00,14.53000000,6068289.37000000,36.05000000,1260
12751,12751-2,21:30,14.33000000,5855091.95000000,35.10000000,1290
12751,12751-2,22:00,10.76000000,3874378.58000000,31.98000000,1320
12751,12751-2,22:30,12.05000000,4905384.20000000,33.02000000,1350
12751,12751-2,23:00,8.77000000,2916313.42000000,27.55000000,1380
12751,12751-2,23:30,7.29000000,1748011.98000000,22.85000000,1410
12910,12910-1,00:00,8.95000000,2383546.26000000,39.88000000,0
12910,12910-1,00:30,8.33000000,2550573.65000000,30.40000000,30
12910,12910-1,01:00,7.16000000,1281141.76000000,25.92000000,60
12910,12910-1,01:30,7.49000000,1811196.39000000,23.90000000,90
12910,12910-1,02:00,6.02000000,355212.72000000,19.49000000,120
12910,12910-1,02:30,6.63000000,630425.92000000,20.79000000,150
12910,12910-1,03:00,2.91000000,106542.69000000,1.71000000,180
12910,12910-1,03:30,0.00000000,0.00000000,0.00000000,210
12910,12910-1,04:00,0.00000000,0.00000000,0.00000000,240
12910,12910-1,04:30,0.00000000,0.00000000,0.00000000,270
12910,12910-1,05:00,7.12000000,1221969.78000000,19.22000000,300
12910,12910-1,05:30,7.48000000,1599577.08000000,26.06000000,330
12910,12910-1,06:00,8.35000000,2954424.39000000,28.32000000,360
12910,12910-1,06:30,8.38000000,2650718.02000000,35.31000000,390
12910,12910-1,07:00,7.86000000,1779671.50000000,38.04000000,420
12910,12910-1,07:30,8.92000000,2077323.30000000,47.92000000,450
12910,12910-1,08:00,9.61000000,2921556.66000000,51.02000000,480
12910,12910-1,08:30,11.34000000,4439724.68000000,48.11000000,510
12910,12910-1,09:00,10.05000000,3393583.65000000,46.95000000,540
12910,12910-1,09:30,10.55000000,3838955.47000000,47.99000000,570
12910,12910-1,10:00,11.53000000,3972776.42000000,45.31000000,600
12910,12910-1,10:30,36.97000000,13643838.39000000,43.02000000,630
12910,12910-1,11:00,67.67000000,17684243.43000000,43.46000000,660
12910,12910-1,11:30,22.50000000,7470239.02000000,41.45000000,690
12910,12910-1,12:00,19.09000000,5450038.45000000,42.62000000,720
12910,12910-1,12:30,11.32000000,4457785.81000000,40.58000000,750
12910,12910-1,13:00,11.61000000,5537275.86000000,35.37000000,780
12910,12910-1,13:30,12.43000000,6248869.91000000,34.41000000,810
12910,12910-1,14:00,9.62000000,3620673.23000000,27.91000000,840
12910,12910-1,14:30,17.09000000,5636863.43000000,31.70000000,870
12910,12910-1,15:00,32.36000000,8676155.44000000,32.98000000,900
12910,12910-1,15:30,43.73000000,20639193.87000000,34.95000000,930
12910,12910-1,16:00,62.24000000,26677305.98000000,36.76000000,960
12910,12910-1,16:30,90.00000000,38431201.09000000,40.43000000,990
12910,12910-1,17:00,33.98000000,13591846.30000000,43.28000000,1020
12910,12910-1,17:30,35.51000000,15350533.63000000,46.70000000,1050
12910,12910-1,18:00,67.10000000,23975563.70000000,61.16000000,1080
12910,12910-1,18:30,47.28000000,17994452.90000000,56.37000000,1110
12910,12910-1,19:00,50.73000000,23975914.76000000,60.43000000,1140
12910,12910-1,19:30,53.92000000,34509279.82000000,59.08000000,1170
12910,12910-1,20:00,44.45000000,15371545.32000000,56.59000000,1200
12910,12910-1,20:30,69.90000000,26993970.82000000,48.08000000,1230
12910,12910-1,21:00,58.52000000,26074317.34000000,45.26000000,1260
12910,12910-1,21:30,38.57000000,23194481.77000000,37.89000000,1290
12910,12910-1,22:00,18.07000000,12132550.18000000,34.09000000,1320
12910,12910-1,22:30,7.55000000,1938763.07000000,30.86000000,1350
12910,12910-1,23:00,8.04000000,2554310.63000000,32.29000000,1380
12910,12910-1,23:30,9.02000000,3552774.49000000,30.90000000,1410
12910,12910-2,00:00,7.28000000,1744895.73000000,19.03000000,0
12910,12910-2,00:30,6.94000000,1641321.46000000,14.92000000,30
12910,12910-2,01:00,6.47000000,1022342.84000000,12.29000000,60
12910,12910-2,01:30,6.07000000,798625.39000000,9.92000000,90
12910,12910-2,02:00,5.72000000,183227.54000000,8.39000000,120
12910,12910-2,02:30,5.72000000,316408.78000000,8.47000000,150
12910,12910-2,03:00,2.84000000,46410.26000000,0.93000000,180
12910,12910-2,03:30,0.00000000,0.00000000,0.00000000,210
12910,12910-2,04:00,0.00000000,0.00000000,0.00000000,240
12910,12910-2,04:30,0.00000000,0.00000000,0.00000000,270
12910,12910-2,05:00,6.03000000,513783.19000000,14.59000000,300
12910,12910-2,05:30,6.07000000,556222.28000000,17.97000000,330
12910,12910-2,06:00,7.80000000,1964351.42000000,24.15000000,360
12910,12910-2,06:30,7.61000000,1699560.10000000,25.13000000,390
12910,12910-2,07:00,11.84000000,7511675.69000000,33.63000000,420
12910,12910-2,07:30,39.85000000,50771618.27000000,33.18000000,450
12910,12910-2,08:00,10.62000000,5323804.92000000,46.27000000,480
12910,12910-2,08:30,11.76000000,5451614.03000000,54.02000000,510
12910,12910-2,09:00,38.52000000,37026870.15000000,69.93000000,540
12910,12910-2,09:30,83.48000000,100006627.90000001,70.73000000,570
12910,12910-2,10:00,78.90000000,82539251.78000000,71.04000000,600
12910,12910-2,10:30,96.65000000,100114584.56000000,63.39000000,630
12910,12910-2,11:00,87.41000000,58459078.79000000,53.74000000,660
12910,12910-2,11:30,98.42000000,91902379.54000001,50.79000000,690
12910,12910-2,12:00,98.13000000,102568334.05000000,45.29000000,720
12910,12910-2,12:30,80.07000000,94780098.97000000,45.25000000,750
12910,12910-2,13:00,15.52000000,11327248.00000000,42.77000000,780
12910,12910-2,13:30,8.84000000,2552230.27000000,35.90000000,810
12910,12910-2,14:00,22.99000000,20020812.94000000,39.10000000,840
12910,12910-2,14:30,85.89000000,105180401.75000000,45.09000000,870
12910,12910-2,15:00,66.82000000,51637064.87000000,36.17000000,900
12910,12910-2,15:30,84.86000000,49438293.87000000,38.94000000,930
12910,12910-2,16:00,77.98000000,47033277.31000000,43.72000000,960
12910,12910-2,16:30,79.50000000,42931554.93000000,46.71000000,990
12910,12910-2,17:00,77.24000000,60213973.94000000,50.61000000,1020
12910,12910-2,17:30,61.74000000,46688570.49000000,59.19000000,1050
12910,12910-2,18:00,83.25000000,47874550.29000000,65.14000000,1080
12910,12910-2,18:30,94.86000000,56438772.12000000,72.70000000,1110
12910,12910-2,19:00,70.74000000,42466618.53000000,73.54000000,1140
12910,12910-2,19:30,70.24000000,43751071.41000000,68.96000000,1170
12910,12910-2,20:00,97.62000000,53529722.08000000,68.37000000,1200
12910,12910-2,20:30,90.66000000,42760710.32000000,57.56000000,1230
12910,12910-2,21:00,87.92000000,50356849.33000000,50.17000000,1260
12910,12910-2,21:30,39.04000000,19377058.77000000,41.03000000,1290
12910,12910-2,22:00,10.48000000,3701543.13000000,34.78000000,1320
12910,12910-2,22:30,9.38000000,3134376.00000000,28.88000000,1350
12910,12910-2,23:00,8.37000000,2224709.21000000,23.19000000,1380
12910,12910-2,23:30,8.06000000,1504788.57000000,21.25000000,1410
12910,12910-3,00:00,17.05000000,3522766.32000000,50.58000000,0
12910,12910-3,00:30,15.00000000,2461849.65000000,43.02000000,30
12910,12910-3,01:00,13.20000000,1538118.27000000,35.25000000,60
12910,12910-3,01:30,12.27000000,1081600.80000000,32.30000000,90
12910,12910-3,02:00,12.54000000,1417609.61000000,31.81000000,120
12910,12910-3,02:30,12.43000000,1559848.78000000,30.04000000,150
12910,12910-3,03:00,4.98000000,139122.00000000,2.80000000,180
12910,12910-3,03:30,0.00000000,0.00000000,0.00000000,210
12910,12910-3,04:00,0.00000000,0.00000000,0.00000000,240
12910,12910-3,04:30,0.00000000,0.00000000,0.00000000,270
12910,12910-3,05:00,12.64000000,1228230.11000000,19.55000000,300
12910,12910-3,05:30,12.57000000,1402968.40000000,32.74000000,330
12910,12910-3,06:00,15.11000000,2143575.26000000,41.17000000,360
12910,12910-3,06:30,16.25000000,2918741.08000000,51.34000000,390
12910,12910-3,07:00,40.75000000,26276059.20000000,57.48000000,420
12910,12910-3,07:30,22.12000000,6354104.15000000,66.34000000,450
12910,12910-3,08:00,18.30000000,3354017.66000000,76.82000000,480
12910,12910-3,08:30,35.64000000,16186993.00000000,84.06000000,510
12910,12910-3,09:00,40.19000000,19759548.27000000,94.04000000,540
12910,12910-3,09:30,75.37000000,54202207.05000000,94.78000000,570
12910,12910-3,10:00,81.66000000,61957318.50000000,99.20000000,600
12910,12910-3,10:30,86.25000000,61464264.09000000,92.11000000,630
12910,12910-3,11:00,89.21000000,66694674.58000000,93.08000000,660
12910,12910-3,11:30,91.74000000,65142562.64000000,88.30000000,690
12910,12910-3,12:00,92.14000000,66300391.49000000,85.17000000,720
12910,12910-3,12:30,87.51000000,60762198.09000000,78.45000000,750
12910,12910-3,13:00,79.25000000,50520686.84000000,80.98000000,780
12910,12910-3,13:30,62.44000000,35924306.67000000,74.82000000,810
12910,12910-3,14:00,38.97000000,18434170.43000000,79.37000000,840
12910,12910-3,14:30,84.64000000,53051579.35000000,81.36000000,870
12910,12910-3,15:00,69.14000000,40754322.57000000,79.73000000,900
12910,12910-3,15:30,32.89000000,10408582.33000000,78.54000000,930
12910,12910-3,16:00,56.38000000,26606840.93000000,86.24000000,960
12910,12910-3,16:30,56.95000000,27152127.84000000,92.49000000,990
12910,12910-3,17:00,52.15000000,21807727.27000000,96.97000000,1020
12910,12910-3,17:30,52.64000000,23258146.65000000,99.38000000,1050
12910,12910-3,18:00,56.68000000,27365500.53000000,102.54000000,1080
12910,12910-3,18:30,51.34000000,21417509.19000000,101.95000000,1110
12910,12910-3,19:00,37.52000000,13419207.67000000,102.12000000,1140
12910,12910-3,19:30,39.41000000,15187559.47000000,91.56000000,1170
12910,12910-3,20:00,29.18000000,7684002.52000000,87.51000000,1200
12910,12910-3,20:30,44.18000000,19328237.36000000,93.69000000,1230
12910,12910-3,21:00,61.42000000,28364017.41000000,80.69000000,1260
12910,12910-3,21:30,82.93000000,43329447.34000000,71.30000000,1290
12910,12910-3,22:00,23.47000000,4652073.54000000,65.97000000,1320
12910,12910-3,22:30,31.74000000,14934984.05000000,66.61000000,1350
12910,12910-3,23:00,67.47000000,56715084.70000000,56.68000000,1380
12910,12910-3,23:30,17.41000000,3727517.08000000,51.50000000,1410
13411,13411-0,00:00,61.49000000,37589667.46000000,51.77000000,0
13411,13411-0,00:30,19.43000000,8642712.74000000,44.07000000,30
13411,13411-0,01:00,8.92000000,3242479.52000000,38.53000000,60
13411,13411-0,01:30,7.58000000,1876596.20000000,34.42000000,90
13411,13411-0,02:00,7.93000000,2448925.59000000,28.30000000,120
13411,13411-0,02:30,6.91000000,1347453.69000000,24.55000000,150
13411,13411-0,03:00,3.02000000,114282.66000000,2.83000000,180
13411,13411-0,03:30,0.00000000,0.00000000,0.00000000,210
13411,13411-0,04:00,0.00000000,0.00000000,0.00000000,240
13411,13411-0,04:30,0.00000000,0.00000000,0.00000000,270
13411,13411-0,05:00,6.10000000,573015.55000000,19.93000000,300
13411,13411-0,05:30,6.84000000,1207137.40000000,26.85000000,330
13411,13411-0,06:00,7.15000000,1696697.74000000,27.99000000,360
13411,13411-0,06:30,8.33000000,2799916.40000000,31.89000000,390
13411,13411-0,07:00,10.75000000,4839773.60000000,47.42000000,420
13411,13411-0,07:30,13.03000000,5927112.32000000,59.66000000,450
13411,13411-0,08:00,11.50000000,4798917.16000000,62.82000000,480
13411,13411-0,08:30,53.72000000,85561881.41000000,72.76000000,510
13411,13411-0,09:00,71.51000000,125130532.47000000,78.06000000,540
13411,13411-0,09:30,43.48000000,55645154.71000000,87.49000000,570
13411,13411-0,10:00,56.40000000,75287967.15000001,88.57000000,600
13411,13411-0,10:30,16.87000000,8015885.76000000,93.54000000,630
13411,13411-0,11:00,44.46000000,61452100.56000000,89.56000000,660
13411,13411-0,11:30,47.43000000,62791552.17000000,91.78000000,690
13411,13411-0,12:00,29.55000000,30410752.75000000,93.13000000,720
13411,13411-0,12:30,17.66000000,9659564.62000000,87.58000000,750
13411,13411-0,13:00,15.60000000,7688990.98000000,78.87000000,780
13411,13411-0,13:30,28.08000000,33253825.03000000,83.89000000,810
13411,13411-0,14:00,87.86000000,139988436.34000000,89.79000000,840
13411,13411-0,14:30,78.97000000,127399491.01000001,87.21000000,870
13411,13411-0,15:00,79.14000000,116496961.23999999,94.00000000,900
13411,13411-0,15:30,81.23000000,115723277.25000000,90.98000000,930
13411,13411-0,16:00,69.55000000,94964651.75000000,92.88000000,960
13411,13411-0,16:30,79.63000000,114112494.06999999,100.94000000,990
13411,13411-0,17:00,65.64000000,100467134.02000000,115.05000000,1020
13411,13411-0,17:30,61.49000000,81911342.72000000,128.04000000,1050
13411,13411-0,18:00,76.35000000,105460231.68000001,158.24000000,1080
13411,13411-0,18:30,81.44000000,113587996.94000000,157.32000000,1110
13411,13411-0,19:00,79.99000000,107078776.55000000,166.23000000,1140
13411,13411-0,19:30,76.28000000,95863954.68000001,170.60000000,1170
13411,13411-0,20:00,76.28000000,96369458.72000000,168.69000000,1200
13411,13411-0,20:30,64.50000000,78345733.30000000,153.51000000,1230
13411,13411-0,21:00,30.60000000,22651698.91000000,123.56000000,1260
13411,13411-0,21:30,18.37000000,9759108.23000000,98.99000000,1290
13411,13411-0,22:00,15.77000000,8460844.30000000,75.04000000,1320
13411,13411-0,22:30,12.73000000,5558139.09000000,61.06000000,1350
13411,13411-0,23:00,11.42000000,4529479.65000000,54.83000000,1380
13411,13411-0,23:30,9.39000000,3276399.87000000,39.16000000,1410
13411,13411-1,00:00,16.62000000,7604903.99000000,73.71000000,0
13411,13411-1,00:30,15.71000000,7347195.26000000,64.23000000,30
13411,13411-1,01:00,14.23000000,8128807.75000000,61.11000000,60
13411,13411-1,01:30,9.77000000,3518564.26000000,56.46000000,90
13411,13411-1,02:00,10.33000000,4497582.12000000,52.41000000,120
13411,13411-1,02:30,10.50000000,4299270.20000000,50.10000000,150
13411,13411-1,03:00,4.51000000,611107.36000000,5.99000000,180
13411,13411-1,03:30,0.00000000,0.00000000,0.00000000,210
13411,13411-1,04:00,0.00000000,0.00000000,0.00000000,240
13411,13411-1,04:30,0.00000000,0.00000000,0.00000000,270
13411,13411-1,05:00,6.88000000,1399763.40000000,32.43000000,300
13411,13411-1,05:30,7.79000000,2095456.46000000,37.73000000,330
13411,13411-1,06:00,8.19000000,2761157.11000000,39.70000000,360
13411,13411-1,06:30,9.26000000,3182312.65000000,46.12000000,390
13411,13411-1,07:00,10.31000000,4311591.90000000,55.99000000,420
13411,13411-1,07:30,12.58000000,5197653.80000000,66.09000000,450
13411,13411-1,08:00,11.79000000,5001284.21000000,65.31000000,480
13411,13411-1,08:30,12.14000000,4711229.06000000,60.02000000,510
13411,13411-1,09:00,24.80000000,24233682.46000000,56.38000000,540
13411,13411-1,09:30,88.58000000,116896669.31999999,54.63000000,570
13411,13411-1,10:00,91.22000000,102160157.03000000,55.73000000,600
13411,13411-1,10:30,57.59000000,84125909.93000001,57.26000000,630
13411,13411-1,11:00,72.41000000,112380140.94000000,58.78000000,660
13411,13411-1,11:30,54.50000000,83125402.73000000,59.76000000,690
13411,13411-1,12:00,30.08000000,30490374.93000000,76.12000000,720
13411,13411-1,12:30,85.19000000,92050548.28000000,80.99000000,750
13411,13411-1,13:00,62.37000000,66631417.10000000,70.01000000,780
13411,13411-1,13:30,46.94000000,65392991.05000000,63.96000000,810
13411,13411-1,14:00,96.07000000,122925219.06999999,63.25000000,840
13411,13411-1,14:30,62.12000000,57377037.99000000,54.17000000,870
13411,13411-1,15:00,90.45000000,98337793.56999999,51.51000000,900
13411,13411-1,15:30,87.79000000,104211479.34999999,58.61000000,930
13411,13411-1,16:00,92.16000000,118324924.25000000,69.74000000,960
13411,13411-1,16:30,82.03000000,115984577.69000000,73.60000000,990
13411,13411-1,17:00,50.98000000,69180761.68000001,73.35000000,1020
13411,13411-1,17:30,45.22000000,54247453.80000000,95.50000000,1050
13411,13411-1,18:00,37.53000000,35467110.96000000,105.02000000,1080
13411,13411-1,18:30,43.24000000,43649450.08000000,101.54000000,1110
13411,13411-1,19:00,39.33000000,43394781.34000000,102.00000000,1140
13411,13411-1,19:30,57.91000000,61205031.82000000,100.95000000,1170
13411,13411-1,20:00,86.12000000,102982745.73000000,107.94000000,1200
13411,13411-1,20:30,72.16000000,81821861.47000000,104.88000000,1230
13411,13411-1,21:00,52.08000000,43090946.23000000,104.85000000,1260
13411,13411-1,21:30,32.61000000,26342062.13000000,102.28000000,1290
13411,13411-1,22:00,17.48000000,8159143.21000000,90.77000000,1320
13411,13411-1,22:30,17.08000000,8066530.87000000,87.19000000,1350
13411,13411-1,23:00,17.03000000,7536638.75000000,78.38000000,1380
13411,13411-1,23:30,13.50000000,5334843.76000000,65.62000000,1410
13411,13411-5,00:00,12.78000000,4667916.87000000,40.56000000,0
13411,13411-5,00:30,11.13000000,4457276.22000000,39.25000000,30
13411,13411-5,01:00,8.87000000,3210301.27000000,34.27000000,60
13411,13411-5,01:30,8.34000000,3333591.33000000,30.42000000,90
13411,13411-5,02:00,7.41000000,2516249.92000000,27.37000000,120
13411,13411-5,02:30,5.45000000,1472996.60000000,25.37000000,150
13411,13411-5,03:00,1.74000000,77227.44000000,2.33000000,180
13411,13411-5,03:30,0.00000000,0.00000000,0.00000000,210
13411,13411-5,04:00,0.00000000,0.00000000,0.00000000,240
13411,13411-5,04:30,0.00000000,0.00000000,0.00000000,270
13411,13411-5,05:00,3.48000000,272734.09000000,16.64000000,300
13411,13411-5,05:30,4.52000000,803696.57000000,21.18000000,330
13411,13411-5,06:00,5.46000000,1661572.78000000,23.41000000,360
13411,13411-5,06:30,4.96000000,1399323.93000000,24.29000000,390
13411,13411-5,07:00,5.35000000,1138917.71000000,24.18000000,420
13411,13411-5,07:30,6.31000000,1738696.38000000,27.40000000,450
13411,13411-5,08:00,6.83000000,1873963.02000000,28.71000000,480
13411,13411-5,08:30,7.05000000,1499866.40000000,28.78000000,510
13411,13411-5,09:00,8.88000000,2482475.15000000,30.20000000,540
13411,13411-5,09:30,9.34000000,2782210.73000000,32.10000000,570
13411,13411-5,10:00,11.33000000,3717679.27000000,34.23000000,600
13411,13411-5,10:30,9.05000000,2819151.18000000,33.48000000,630
13411,13411-5,11:00,14.32000000,7473363.51000000,33.57000000,660
13411,13411-5,11:30,15.13000000,7644097.48000000,32.56000000,690
13411,13411-5,12:00,15.36000000,8706353.14000000,36.29000000,720
13411,13411-5,12:30,12.60000000,3726821.34000000,39.31000000,750
13411,13411-5,13:00,11.36000000,4230111.74000000,37.70000000,780
13411,13411-5,13:30,8.92000000,3058885.48000000,30.69000000,810
13411,13411-5,14:00,10.09000000,2707698.06000000,28.49000000,840
13411,13411-5,14:30,12.10000000,2444292.61000000,27.66000000,870
13411,13411-5,15:00,13.31000000,3556444.42000000,31.96000000,900
13411,13411-5,15:30,16.85000000,4424710.15000000,35.50000000,930
13411,13411-5,16:00,13.17000000,4868057.12000000,34.18000000,960
13411,13411-5,16:30,12.51000000,4449427.34000000,35.39000000,990
13411,13411-5,17:00,10.04000000,3094072.33000000,34.07000000,1020
13411,13411-5,17:30,10.50000000,3062731.98000000,39.45000000,1050
13411,13411-5,18:00,12.36000000,3986409.89000000,40.68000000,1080
13411,13411-5,18:30,12.51000000,4075022.78000000,39.93000000,1110
13411,13411-5,19:00,15.97000000,5247423.23000000,42.53000000,1140
13411,13411-5,19:30,16.17000000,5845825.73000000,49.57000000,1170
13411,13411-5,20:00,14.13000000,5118058.23000000,46.94000000,1200
13411,13411-5,20:30,17.33000000,5553479.28000000,43.36000000,1230
13411,13411-5,21:00,17.05000000,5653488.02000000,47.69000000,1260
13411,13411-5,21:30,13.81000000,4933705.24000000,42.09000000,1290
13411,13411-5,22:00,14.55000000,5699340.79000000,47.14000000,1320
13411,13411-5,22:30,11.94000000,3898067.89000000,40.41000000,1350
13411,13411-5,23:00,13.74000000,5351560.49000000,40.78000000,1380
13411,13411-5,23:30,15.50000000,5707186.27000000,41.63000000,1410
