dataset,seed,method,accuracy,brier,ece,public_size,private_size,public_fraction,test_size,clients,noniid,noise_lambda,shots,rounds,bytes,inference_models,membership_auc,membership_null_auc,inference_ms,parameter_bytes,min_client_contribution,mean_client_contribution
cancer,0,best local,0.8321167883211679,0.13775635258660562,0.14363798139463063,137,295,0.24,137,3,severe,0.55,64,0,0,1,0.6335079781378009,0.5135372293870729,0.197792,104,-0.058394160583941646,0.009732360097323589
cancer,0,unweighted ensemble,0.8321167883211679,0.12762007301736508,0.18943435320658186,137,295,0.24,137,3,severe,0.55,64,1,3288,3,0.6335079781378009,0.5135372293870729,0.407292,264,-0.058394160583941646,0.009732360097323589
cancer,0,weighted ensemble,0.8175182481751825,0.1323637501636714,0.1305018597884038,137,295,0.24,137,3,severe,0.55,64,1,3288,3,0.6335079781378009,0.5135372293870729,0.390042,264,-0.058394160583941646,0.009732360097323589
cancer,0,hard transfer,0.8321167883211679,0.1278150908336287,0.15837983216528886,137,295,0.24,137,3,severe,0.55,64,1,3288,1,0.6335079781378009,0.5135372293870729,0.005125,56,-0.058394160583941646,0.009732360097323589
cancer,0,FedDF,0.8394160583941606,0.13603248299834242,0.19155108295113413,137,295,0.24,137,3,severe,0.55,64,1,3288,1,0.6335079781378009,0.5135372293870729,0.004375,56,-0.058394160583941646,0.009732360097323589
cancer,0,FedMD-1r,0.8905109489051095,0.10347344279937139,0.2252207702532535,137,295,0.24,137,3,severe,0.55,64,1,3288,3,0.6335079781378009,0.5135372293870729,0.400792,264,-0.058394160583941646,0.009732360097323589
cancer,0,FedMD-2r,0.9051094890510949,0.09335242560348309,0.20863539903186168,137,295,0.24,137,3,severe,0.55,64,2,6576,3,0.6335079781378009,0.5135372293870729,0.402417,264,-0.058394160583941646,0.009732360097323589
cancer,0,FedMD,0.9197080291970803,0.08772415686131957,0.19837750526927084,137,295,0.24,137,3,severe,0.55,64,3,9864,3,0.6335079781378009,0.5135372293870729,0.410666,264,-0.058394160583941646,0.009732360097323589
cancer,0,centralized reference,0.927007299270073,0.03756483672071832,0.07259169301027905,137,295,0.24,137,3,severe,0.55,64,0,0,1,0.6335079781378009,0.5135372293870729,0.004583,56,-0.058394160583941646,0.009732360097323589
cancer,1,best local,0.8029197080291971,0.14584072010527074,0.15111761587832973,137,295,0.24,137,3,severe,0.55,64,0,0,1,0.577633176694699,0.4447162924743739,0.201042,104,-0.08029197080291972,0.012165450121654523
cancer,1,unweighted ensemble,0.8029197080291971,0.15212311636187176,0.14767220594714572,137,295,0.24,137,3,severe,0.55,64,1,3288,3,0.577633176694699,0.4447162924743739,0.413625,264,-0.08029197080291972,0.012165450121654523
cancer,1,weighted ensemble,0.781021897810219,0.1497260748068913,0.1472384944696039,137,295,0.24,137,3,severe,0.55,64,1,3288,3,0.577633176694699,0.4447162924743739,0.390333,264,-0.08029197080291972,0.012165450121654523
cancer,1,hard transfer,0.7445255474452555,0.19849193226933423,0.19173835994307056,137,295,0.24,137,3,severe,0.55,64,1,3288,1,0.577633176694699,0.4447162924743739,0.004209,56,-0.08029197080291972,0.012165450121654523
cancer,1,FedDF,0.8248175182481752,0.15964514801907384,0.16154480414642916,137,295,0.24,137,3,severe,0.55,64,1,3288,1,0.577633176694699,0.4447162924743739,0.004125,56,-0.08029197080291972,0.012165450121654523
cancer,1,FedMD-1r,0.8540145985401459,0.12728602448144488,0.20751491860683904,137,295,0.24,137,3,severe,0.55,64,1,3288,3,0.577633176694699,0.4447162924743739,0.404583,264,-0.08029197080291972,0.012165450121654523
cancer,1,FedMD-2r,0.8905109489051095,0.11806179804227745,0.21693213874626951,137,295,0.24,137,3,severe,0.55,64,2,6576,3,0.577633176694699,0.4447162924743739,0.402959,264,-0.08029197080291972,0.012165450121654523
cancer,1,FedMD,0.9051094890510949,0.11386528287969463,0.2228031534800128,137,295,0.24,137,3,severe,0.55,64,3,9864,3,0.577633176694699,0.4447162924743739,0.399417,264,-0.08029197080291972,0.012165450121654523
cancer,1,centralized reference,0.9416058394160584,0.04584162726624034,0.04647109093483158,137,295,0.24,137,3,severe,0.55,64,0,0,1,0.577633176694699,0.4447162924743739,0.004417,56,-0.08029197080291972,0.012165450121654523
cancer,2,best local,0.781021897810219,0.16443245503956194,0.17523879766073475,137,295,0.24,137,3,severe,0.55,64,0,0,1,0.6648878677033004,0.4892457019672869,0.204083,104,-0.051094890510948954,0.0
cancer,2,unweighted ensemble,0.8248175182481752,0.14345575416913517,0.19313041006343223,137,295,0.24,137,3,severe,0.55,64,1,3288,3,0.6648878677033004,0.4892457019672869,0.412459,264,-0.051094890510948954,0.0
cancer,2,weighted ensemble,0.7664233576642335,0.15243706844969543,0.1408310326324977,137,295,0.24,137,3,severe,0.55,64,1,3288,3,0.6648878677033004,0.4892457019672869,0.417583,264,-0.051094890510948954,0.0
cancer,2,hard transfer,0.781021897810219,0.17866248359058615,0.19028916773743634,137,295,0.24,137,3,severe,0.55,64,1,3288,1,0.6648878677033004,0.4892457019672869,0.004667,56,-0.051094890510948954,0.0
cancer,2,FedDF,0.8394160583941606,0.15343994839638211,0.1733312938818077,137,295,0.24,137,3,severe,0.55,64,1,3288,1,0.6648878677033004,0.4892457019672869,0.004417,56,-0.051094890510948954,0.0
cancer,2,FedMD-1r,0.8832116788321168,0.12516629595326104,0.22400006592165866,137,295,0.24,137,3,severe,0.55,64,1,3288,3,0.6648878677033004,0.4892457019672869,0.405458,264,-0.051094890510948954,0.0
cancer,2,FedMD-2r,0.9124087591240876,0.11953530793445342,0.24523471725226123,137,295,0.24,137,3,severe,0.55,64,2,6576,3,0.6648878677033004,0.4892457019672869,0.402583,264,-0.051094890510948954,0.0
cancer,2,FedMD,0.9197080291970803,0.11731451161686876,0.2516290030363302,137,295,0.24,137,3,severe,0.55,64,3,9864,3,0.6648878677033004,0.4892457019672869,0.410667,264,-0.051094890510948954,0.0
cancer,2,centralized reference,0.9562043795620438,0.041633864297022,0.051598764593346357,137,295,0.24,137,3,severe,0.55,64,0,0,1,0.6648878677033004,0.4892457019672869,0.005083,56,-0.051094890510948954,0.0
cancer,3,best local,0.8613138686131386,0.09044003314225695,0.1203173240174914,137,295,0.24,137,3,severe,0.55,64,0,0,1,0.6659978302314068,0.5084541226355616,0.203125,104,-0.08759124087591241,0.04379562043795615
cancer,3,unweighted ensemble,0.8540145985401459,0.1199346889899197,0.22215994336026623,137,295,0.24,137,3,severe,0.55,64,1,3288,3,0.6659978302314068,0.5084541226355616,0.393583,264,-0.08759124087591241,0.04379562043795615
cancer,3,weighted ensemble,0.8467153284671532,0.10247122418538901,0.15594293882479685,137,295,0.24,137,3,severe,0.55,64,1,3288,3,0.6659978302314068,0.5084541226355616,0.400584,264,-0.08759124087591241,0.04379562043795615
cancer,3,hard transfer,0.8905109489051095,0.09004454419168179,0.09741956325871436,137,295,0.24,137,3,severe,0.55,64,1,3288,1,0.6659978302314068,0.5084541226355616,0.0045,56,-0.08759124087591241,0.04379562043795615
cancer,3,FedDF,0.8394160583941606,0.13748308740022278,0.22307441317924642,137,295,0.24,137,3,severe,0.55,64,1,3288,1,0.6659978302314068,0.5084541226355616,0.004417,56,-0.08759124087591241,0.04379562043795615
cancer,3,FedMD-1r,0.9124087591240876,0.10037908540826977,0.21097074333909363,137,295,0.24,137,3,severe,0.55,64,1,3288,3,0.6659978302314068,0.5084541226355616,0.406041,264,-0.08759124087591241,0.04379562043795615
cancer,3,FedMD-2r,0.9124087591240876,0.09089731987218595,0.20136814518097124,137,295,0.24,137,3,severe,0.55,64,2,6576,3,0.6659978302314068,0.5084541226355616,0.413083,264,-0.08759124087591241,0.04379562043795615
cancer,3,FedMD,0.9197080291970803,0.08548254705590186,0.19041757768798165,137,295,0.24,137,3,severe,0.55,64,3,9864,3,0.6659978302314068,0.5084541226355616,0.416667,264,-0.08759124087591241,0.04379562043795615
cancer,3,centralized reference,0.9197080291970803,0.04734630525519162,0.07091834894817378,137,295,0.24,137,3,severe,0.55,64,0,0,1,0.6659978302314068,0.5084541226355616,0.004917,56,-0.08759124087591241,0.04379562043795615
cancer,4,best local,0.8321167883211679,0.10906155388915893,0.09649087410462055,137,295,0.24,137,3,severe,0.55,64,0,0,1,0.6281006098524347,0.5259456875723821,0.207875,104,0.007299270072992692,0.09002433090024331
cancer,4,unweighted ensemble,0.8759124087591241,0.1338695362690909,0.22250022431876787,137,295,0.24,137,3,severe,0.55,64,1,3288,3,0.6281006098524347,0.5259456875723821,0.414708,264,0.007299270072992692,0.09002433090024331
cancer,4,weighted ensemble,0.8321167883211679,0.11702096347723943,0.1407105552688818,137,295,0.24,137,3,severe,0.55,64,1,3288,3,0.6281006098524347,0.5259456875723821,0.421458,264,0.007299270072992692,0.09002433090024331
cancer,4,hard transfer,0.8175182481751825,0.15148842021119563,0.16045409161058483,137,295,0.24,137,3,severe,0.55,64,1,3288,1,0.6281006098524347,0.5259456875723821,0.004292,56,0.007299270072992692,0.09002433090024331
cancer,4,FedDF,0.8102189781021898,0.15547156143861887,0.23633394081226597,137,295,0.24,137,3,severe,0.55,64,1,3288,1,0.6281006098524347,0.5259456875723821,0.00425,56,0.007299270072992692,0.09002433090024331
cancer,4,FedMD-1r,0.9197080291970803,0.10662861498197815,0.2676076147495075,137,295,0.24,137,3,severe,0.55,64,1,3288,3,0.6281006098524347,0.5259456875723821,0.411875,264,0.007299270072992692,0.09002433090024331
cancer,4,FedMD-2r,0.927007299270073,0.09238328018009422,0.23911545822658584,137,295,0.24,137,3,severe,0.55,64,2,6576,3,0.6281006098524347,0.5259456875723821,0.419041,264,0.007299270072992692,0.09002433090024331
cancer,4,FedMD,0.927007299270073,0.08447620951508095,0.22288666102656746,137,295,0.24,137,3,severe,0.55,64,3,9864,3,0.6281006098524347,0.5259456875723821,0.421041,264,0.007299270072992692,0.09002433090024331
cancer,4,centralized reference,0.9781021897810219,0.030833293383670014,0.06475457317602638,137,295,0.24,137,3,severe,0.55,64,0,0,1,0.6281006098524347,0.5259456875723821,0.004625,56,0.007299270072992692,0.09002433090024331
cancer,5,best local,0.8248175182481752,0.12142433996019879,0.1436101660809963,137,295,0.24,137,3,severe,0.55,64,0,0,1,0.6403257461651622,0.5026542800265428,0.214208,104,-0.03649635036496357,0.03649635036496346
cancer,5,unweighted ensemble,0.8394160583941606,0.1446684470450445,0.2657285269547103,137,295,0.24,137,3,severe,0.55,64,1,3288,3,0.6403257461651622,0.5026542800265428,0.429583,264,-0.03649635036496357,0.03649635036496346
cancer,5,weighted ensemble,0.7956204379562044,0.13069518086770165,0.1778810800023487,137,295,0.24,137,3,severe,0.55,64,1,3288,3,0.6403257461651622,0.5026542800265428,0.417916,264,-0.03649635036496357,0.03649635036496346
cancer,5,hard transfer,0.8248175182481752,0.12911129497503263,0.15677137885065295,137,295,0.24,137,3,severe,0.55,64,1,3288,1,0.6403257461651622,0.5026542800265428,0.005,56,-0.03649635036496357,0.03649635036496346
cancer,5,FedDF,0.8321167883211679,0.15631541840702687,0.21515256930808274,137,295,0.24,137,3,severe,0.55,64,1,3288,1,0.6403257461651622,0.5026542800265428,0.004625,56,-0.03649635036496357,0.03649635036496346
cancer,5,FedMD-1r,0.927007299270073,0.11652912715006129,0.26128308522229815,137,295,0.24,137,3,severe,0.55,64,1,3288,3,0.6403257461651622,0.5026542800265428,0.415333,264,-0.03649635036496357,0.03649635036496346
cancer,5,FedMD-2r,0.948905109489051,0.10353008565650328,0.24055110425684798,137,295,0.24,137,3,severe,0.55,64,2,6576,3,0.6403257461651622,0.5026542800265428,0.412666,264,-0.03649635036496357,0.03649635036496346
cancer,5,FedMD,0.9562043795620438,0.09649833406972701,0.23707707233397016,137,295,0.24,137,3,severe,0.55,64,3,9864,3,0.6403257461651622,0.5026542800265428,0.4145,264,-0.03649635036496357,0.03649635036496346
cancer,5,centralized reference,0.9635036496350365,0.030961591259051346,0.06419734121125978,137,295,0.24,137,3,severe,0.55,64,0,0,1,0.6403257461651622,0.5026542800265428,0.004958,56,-0.03649635036496357,0.03649635036496346
cancer,6,best local,0.8759124087591241,0.09861042887581105,0.09599817075353728,137,295,0.24,137,3,severe,0.55,64,0,0,1,0.5835202915494886,0.5102715420755045,0.205709,104,0.04379562043795615,0.09975669099756686
cancer,6,unweighted ensemble,0.8613138686131386,0.13906326906597521,0.23205537762817335,137,295,0.24,137,3,severe,0.55,64,1,3288,3,0.5835202915494886,0.5102715420755045,0.405166,264,0.04379562043795615,0.09975669099756686
cancer,6,weighted ensemble,0.8394160583941606,0.11336412933713262,0.1588667551906413,137,295,0.24,137,3,severe,0.55,64,1,3288,3,0.5835202915494886,0.5102715420755045,0.405084,264,0.04379562043795615,0.09975669099756686
cancer,6,hard transfer,0.8029197080291971,0.1441695369408177,0.15201360186525353,137,295,0.24,137,3,severe,0.55,64,1,3288,1,0.5835202915494886,0.5102715420755045,0.004417,56,0.04379562043795615,0.09975669099756686
cancer,6,FedDF,0.8175182481751825,0.15694791412904666,0.240119965019186,137,295,0.24,137,3,severe,0.55,64,1,3288,1,0.5835202915494886,0.5102715420755045,0.00425,56,0.04379562043795615,0.09975669099756686
cancer,6,FedMD-1r,0.8978102189781022,0.11209736777644634,0.2390448976735179,137,295,0.24,137,3,severe,0.55,64,1,3288,3,0.5835202915494886,0.5102715420755045,0.399,264,0.04379562043795615,0.09975669099756686
cancer,6,FedMD-2r,0.9562043795620438,0.09534409720693969,0.2276713543891219,137,295,0.24,137,3,severe,0.55,64,2,6576,3,0.5835202915494886,0.5102715420755045,0.411625,264,0.04379562043795615,0.09975669099756686
cancer,6,FedMD,0.948905109489051,0.08654874688479403,0.2034277991114133,137,295,0.24,137,3,severe,0.55,64,3,9864,3,0.5835202915494886,0.5102715420755045,0.415375,264,0.04379562043795615,0.09975669099756686
cancer,6,centralized reference,0.9562043795620438,0.03984819238496747,0.05368944810914813,137,295,0.24,137,3,severe,0.55,64,0,0,1,0.5835202915494886,0.5102715420755045,0.0045,56,0.04379562043795615,0.09975669099756686
cancer,7,best local,0.9635036496350365,0.03547267228132419,0.0635866679128354,137,295,0.24,137,3,severe,0.55,64,0,0,1,0.6143123473676133,0.49832878664995456,0.193834,104,0.02919708029197088,0.12895377128953778
cancer,7,unweighted ensemble,0.9562043795620438,0.08284706937225628,0.21982862765057368,137,295,0.24,137,3,severe,0.55,64,1,3288,3,0.6143123473676133,0.49832878664995456,0.402792,264,0.02919708029197088,0.12895377128953778
cancer,7,weighted ensemble,0.9562043795620438,0.05358386305861904,0.15077052220207252,137,295,0.24,137,3,severe,0.55,64,1,3288,3,0.6143123473676133,0.49832878664995456,0.405333,264,0.02919708029197088,0.12895377128953778
cancer,7,hard transfer,0.9562043795620438,0.034926506957827,0.057283515336693853,137,295,0.24,137,3,severe,0.55,64,1,3288,1,0.6143123473676133,0.49832878664995456,0.004625,56,0.02919708029197088,0.12895377128953778
cancer,7,FedDF,0.9416058394160584,0.0980451456719766,0.24226894562447102,137,295,0.24,137,3,severe,0.55,64,1,3288,1,0.6143123473676133,0.49832878664995456,0.004666,56,0.02919708029197088,0.12895377128953778
cancer,7,FedMD-1r,0.9562043795620438,0.06994838068989162,0.1925621674121711,137,295,0.24,137,3,severe,0.55,64,1,3288,3,0.6143123473676133,0.49832878664995456,0.388792,264,0.02919708029197088,0.12895377128953778
cancer,7,FedMD-2r,0.9562043795620438,0.06296117890257838,0.16941572916540287,137,295,0.24,137,3,severe,0.55,64,2,6576,3,0.6143123473676133,0.49832878664995456,0.404417,264,0.02919708029197088,0.12895377128953778
cancer,7,FedMD,0.9635036496350365,0.05944870805281771,0.16474074253803686,137,295,0.24,137,3,severe,0.55,64,3,9864,3,0.6143123473676133,0.49832878664995456,0.403709,264,0.02919708029197088,0.12895377128953778
cancer,7,centralized reference,0.9708029197080292,0.027201701457848847,0.06107447568107476,137,295,0.24,137,3,severe,0.55,64,0,0,1,0.6143123473676133,0.49832878664995456,0.004584,56,0.02919708029197088,0.12895377128953778
cancer,8,best local,0.9124087591240876,0.07107859999636437,0.06388116427947714,137,295,0.24,137,3,severe,0.55,64,0,0,1,0.6191566243473836,0.5004039195631598,0.211541,104,0.07299270072992703,0.12895377128953775
cancer,8,unweighted ensemble,0.9051094890510949,0.12211169866398701,0.21633519511022223,137,295,0.24,137,3,severe,0.55,64,1,3288,3,0.6191566243473836,0.5004039195631598,0.417292,264,0.07299270072992703,0.12895377128953775
cancer,8,weighted ensemble,0.9051094890510949,0.08683801305922605,0.1496288792068937,137,295,0.24,137,3,severe,0.55,64,1,3288,3,0.6191566243473836,0.5004039195631598,0.406833,264,0.07299270072992703,0.12895377128953775
cancer,8,hard transfer,0.8978102189781022,0.06814757070198603,0.07670561611455967,137,295,0.24,137,3,severe,0.55,64,1,3288,1,0.6191566243473836,0.5004039195631598,0.004459,56,0.07299270072992703,0.12895377128953775
cancer,8,FedDF,0.8905109489051095,0.13141753589007996,0.21736109182424357,137,295,0.24,137,3,severe,0.55,64,1,3288,1,0.6191566243473836,0.5004039195631598,0.004416,56,0.07299270072992703,0.12895377128953775
cancer,8,FedMD-1r,0.9416058394160584,0.09958523337678724,0.22307312247435346,137,295,0.24,137,3,severe,0.55,64,1,3288,3,0.6191566243473836,0.5004039195631598,0.416333,264,0.07299270072992703,0.12895377128953775
cancer,8,FedMD-2r,0.9562043795620438,0.09050348988577327,0.21957418723641947,137,295,0.24,137,3,severe,0.55,64,2,6576,3,0.6191566243473836,0.5004039195631598,0.415042,264,0.07299270072992703,0.12895377128953775
cancer,8,FedMD,0.9635036496350365,0.08596337601968064,0.21655250984179464,137,295,0.24,137,3,severe,0.55,64,3,9864,3,0.6191566243473836,0.5004039195631598,0.414166,264,0.07299270072992703,0.12895377128953775
cancer,8,centralized reference,0.9197080291970803,0.060216586822698995,0.04679295403324082,137,295,0.24,137,3,severe,0.55,64,0,0,1,0.6191566243473836,0.5004039195631598,0.004375,56,0.07299270072992703,0.12895377128953775
cancer,9,best local,0.8540145985401459,0.0881395060180184,0.14060694142733132,137,295,0.24,137,3,severe,0.55,64,0,0,1,0.6105581361055813,0.4909941562704858,0.203958,104,0.06569343065693434,0.10948905109489056
cancer,9,unweighted ensemble,0.8686131386861314,0.13570685564981702,0.28552477992520886,137,295,0.24,137,3,severe,0.55,64,1,3288,3,0.6105581361055813,0.4909941562704858,0.409416,264,0.06569343065693434,0.10948905109489056
cancer,9,weighted ensemble,0.8394160583941606,0.10540626053447265,0.21219155293071887,137,295,0.24,137,3,severe,0.55,64,1,3288,3,0.6105581361055813,0.4909941562704858,0.407583,264,0.06569343065693434,0.10948905109489056
cancer,9,hard transfer,0.8175182481751825,0.1309051776679737,0.15445748861117248,137,295,0.24,137,3,severe,0.55,64,1,3288,1,0.6105581361055813,0.4909941562704858,0.004709,56,0.06569343065693434,0.10948905109489056
cancer,9,FedDF,0.8540145985401459,0.15326230654975545,0.28594921949180346,137,295,0.24,137,3,severe,0.55,64,1,3288,1,0.6105581361055813,0.4909941562704858,0.0045,56,0.06569343065693434,0.10948905109489056
cancer,9,FedMD-1r,0.8905109489051095,0.12099098388666372,0.26059033417329414,137,295,0.24,137,3,severe,0.55,64,1,3288,3,0.6105581361055813,0.4909941562704858,0.409208,264,0.06569343065693434,0.10948905109489056
cancer,9,FedMD-2r,0.8905109489051095,0.10954710114957182,0.24332605931713117,137,295,0.24,137,3,severe,0.55,64,2,6576,3,0.6105581361055813,0.4909941562704858,0.407833,264,0.06569343065693434,0.10948905109489056
cancer,9,FedMD,0.8978102189781022,0.1033402646906462,0.23142837446650918,137,295,0.24,137,3,severe,0.55,64,3,9864,3,0.6105581361055813,0.4909941562704858,0.41175,264,0.06569343065693434,0.10948905109489056
cancer,9,centralized reference,0.948905109489051,0.04632012001348381,0.06506363397503377,137,295,0.24,137,3,severe,0.55,64,0,0,1,0.6105581361055813,0.4909941562704858,0.004916,56,0.06569343065693434,0.10948905109489056
cancer,10,best local,0.8905109489051095,0.07601737934716937,0.11263982792126545,137,295,0.24,137,3,severe,0.55,64,0,0,1,0.6823029440339137,0.482293765401169,0.202625,104,0.021897810218978186,0.08759124087591245
cancer,10,unweighted ensemble,0.8832116788321168,0.1339581872610343,0.2841924396557285,137,295,0.24,137,3,severe,0.55,64,1,3288,3,0.6823029440339137,0.482293765401169,0.415542,264,0.021897810218978186,0.08759124087591245
cancer,10,weighted ensemble,0.8686131386861314,0.09995460378884191,0.1999947102687046,137,295,0.24,137,3,severe,0.55,64,1,3288,3,0.6823029440339137,0.482293765401169,0.411083,264,0.021897810218978186,0.08759124087591245
cancer,10,hard transfer,0.8613138686131386,0.09973354164104603,0.10398601662048643,137,295,0.24,137,3,severe,0.55,64,1,3288,1,0.6823029440339137,0.482293765401169,0.004667,56,0.021897810218978186,0.08759124087591245
cancer,10,FedDF,0.8321167883211679,0.1534485334532249,0.24755159662460546,137,295,0.24,137,3,severe,0.55,64,1,3288,1,0.6823029440339137,0.482293765401169,0.0045,56,0.021897810218978186,0.08759124087591245
cancer,10,FedMD-1r,0.9197080291970803,0.11167073491948083,0.23858249578688542,137,295,0.24,137,3,severe,0.55,64,1,3288,3,0.6823029440339137,0.482293765401169,0.41675,264,0.021897810218978186,0.08759124087591245
cancer,10,FedMD-2r,0.9197080291970803,0.09775022264038283,0.21216956096338338,137,295,0.24,137,3,severe,0.55,64,2,6576,3,0.6823029440339137,0.482293765401169,0.421583,264,0.021897810218978186,0.08759124087591245
cancer,10,FedMD,0.9343065693430657,0.09023475912050377,0.20228385206536179,137,295,0.24,137,3,severe,0.55,64,3,9864,3,0.6823029440339137,0.482293765401169,0.421208,264,0.021897810218978186,0.08759124087591245
cancer,10,centralized reference,0.948905109489051,0.05025690586520808,0.07108948659443937,137,295,0.24,137,3,severe,0.55,64,0,0,1,0.6823029440339137,0.482293765401169,0.004541,56,0.021897810218978186,0.08759124087591245
cancer,11,best local,0.8978102189781022,0.07199159814240313,0.07921481388846977,137,295,0.24,137,3,severe,0.55,64,0,0,1,0.6247792488668401,0.49122788538846934,0.202292,104,0.03649635036496357,0.10705596107055966
cancer,11,unweighted ensemble,0.8832116788321168,0.12171200857453061,0.19252454387280715,137,295,0.24,137,3,severe,0.55,64,1,3288,3,0.6247792488668401,0.49122788538846934,0.405125,264,0.03649635036496357,0.10705596107055966
cancer,11,weighted ensemble,0.8905109489051095,0.09074514906971887,0.14964757862872421,137,295,0.24,137,3,severe,0.55,64,1,3288,3,0.6247792488668401,0.49122788538846934,0.40975,264,0.03649635036496357,0.10705596107055966
cancer,11,hard transfer,0.8540145985401459,0.09862879766434207,0.10168479219641761,137,295,0.24,137,3,severe,0.55,64,1,3288,1,0.6247792488668401,0.49122788538846934,0.004625,56,0.03649635036496357,0.10705596107055966
cancer,11,FedDF,0.8394160583941606,0.13756144701076248,0.1748701053477764,137,295,0.24,137,3,severe,0.55,64,1,3288,1,0.6247792488668401,0.49122788538846934,0.004542,56,0.03649635036496357,0.10705596107055966
cancer,11,FedMD-1r,0.8759124087591241,0.10536302747639018,0.1879758108812911,137,295,0.24,137,3,severe,0.55,64,1,3288,3,0.6247792488668401,0.49122788538846934,0.414458,264,0.03649635036496357,0.10705596107055966
cancer,11,FedMD-2r,0.8905109489051095,0.09507386222581764,0.17296139984001418,137,295,0.24,137,3,severe,0.55,64,2,6576,3,0.6247792488668401,0.49122788538846934,0.4075,264,0.03649635036496357,0.10705596107055966
cancer,11,FedMD,0.9051094890510949,0.08930339700778418,0.1752359065811494,137,295,0.24,137,3,severe,0.55,64,3,9864,3,0.6247792488668401,0.49122788538846934,0.407416,264,0.03649635036496357,0.10705596107055966
cancer,11,centralized reference,0.9343065693430657,0.05225046567986172,0.048155250607016024,137,295,0.24,137,3,severe,0.55,64,0,0,1,0.6247792488668401,0.49122788538846934,0.004542,56,0.03649635036496357,0.10705596107055966
digits,0,best local,0.9767441860465116,0.013768264600038231,0.04966489267204726,86,185,0.24,86,3,severe,0.55,64,0,0,1,0.5090455153470906,0.48983277565423106,0.16125,104,0.12790697674418605,0.19379844961240308
digits,0,unweighted ensemble,0.9767441860465116,0.10329784417904957,0.2822853179534521,86,185,0.24,86,3,severe,0.55,64,1,2064,3,0.5090455153470906,0.48983277565423106,0.3365,264,0.12790697674418605,0.19379844961240308
digits,0,weighted ensemble,0.9767441860465116,0.051511957242145585,0.19784565191134956,86,185,0.24,86,3,severe,0.55,64,1,2064,3,0.5090455153470906,0.48983277565423106,0.332166,264,0.12790697674418605,0.19379844961240308
digits,0,hard transfer,0.9767441860465116,0.020181305677412463,0.0542904073115703,86,185,0.24,86,3,severe,0.55,64,1,2064,1,0.5090455153470906,0.48983277565423106,0.004167,56,0.12790697674418605,0.19379844961240308
digits,0,FedDF,0.9069767441860465,0.11943603974858776,0.2421900470438178,86,185,0.24,86,3,severe,0.55,64,1,2064,1,0.5090455153470906,0.48983277565423106,0.004125,56,0.12790697674418605,0.19379844961240308
digits,0,FedMD-1r,0.9418604651162791,0.11096764157143592,0.2705765914895253,86,185,0.24,86,3,severe,0.55,64,1,2064,3,0.5090455153470906,0.48983277565423106,0.335458,264,0.12790697674418605,0.19379844961240308
digits,0,FedMD-2r,0.9302325581395349,0.11147194809421233,0.28343507916195815,86,185,0.24,86,3,severe,0.55,64,2,4128,3,0.5090455153470906,0.48983277565423106,0.329583,264,0.12790697674418605,0.19379844961240308
digits,0,FedMD,0.9302325581395349,0.11183827543623343,0.28178142217838814,86,185,0.24,86,3,severe,0.55,64,3,6192,3,0.5090455153470906,0.48983277565423106,0.339458,264,0.12790697674418605,0.19379844961240308
digits,0,centralized reference,0.9883720930232558,0.016077161316101516,0.05364863518625903,86,185,0.24,86,3,severe,0.55,64,0,0,1,0.5090455153470906,0.48983277565423106,0.004167,56,0.12790697674418605,0.19379844961240308
digits,1,best local,0.9534883720930233,0.03234377122912703,0.05292210300792348,86,185,0.24,86,3,severe,0.55,64,0,0,1,0.5802583582403537,0.5008052608390193,0.158417,104,0.03488372093023251,0.06201550387596896
digits,1,unweighted ensemble,0.9767441860465116,0.08393571854900483,0.2424389621837479,86,185,0.24,86,3,severe,0.55,64,1,2064,3,0.5802583582403537,0.5008052608390193,0.326125,264,0.03488372093023251,0.06201550387596896
digits,1,weighted ensemble,0.9651162790697675,0.05041125832287135,0.1609227374777273,86,185,0.24,86,3,severe,0.55,64,1,2064,3,0.5802583582403537,0.5008052608390193,0.332042,264,0.03488372093023251,0.06201550387596896
digits,1,hard transfer,0.9883720930232558,0.018826026844337145,0.052669405463388726,86,185,0.24,86,3,severe,0.55,64,1,2064,1,0.5802583582403537,0.5008052608390193,0.004208,56,0.03488372093023251,0.06201550387596896
digits,1,FedDF,0.9418604651162791,0.09664324860577897,0.2712678148760415,86,185,0.24,86,3,severe,0.55,64,1,2064,1,0.5802583582403537,0.5008052608390193,0.004125,56,0.03488372093023251,0.06201550387596896
digits,1,FedMD-1r,0.9883720930232558,0.07572023959251661,0.242849482001917,86,185,0.24,86,3,severe,0.55,64,1,2064,3,0.5802583582403537,0.5008052608390193,0.315041,264,0.03488372093023251,0.06201550387596896
digits,1,FedMD-2r,1.0,0.06991254134697705,0.24461519699093906,86,185,0.24,86,3,severe,0.55,64,2,4128,3,0.5802583582403537,0.5008052608390193,0.328917,264,0.03488372093023251,0.06201550387596896
digits,1,FedMD,1.0,0.06701103229513697,0.23901538820734833,86,185,0.24,86,3,severe,0.55,64,3,6192,3,0.5802583582403537,0.5008052608390193,0.320459,264,0.03488372093023251,0.06201550387596896
digits,1,centralized reference,1.0,0.007656774432431226,0.04392767411195901,86,185,0.24,86,3,severe,0.55,64,0,0,1,0.5802583582403537,0.5008052608390193,0.004084,56,0.03488372093023251,0.06201550387596896
digits,2,best local,0.9883720930232558,0.018553165137380933,0.06519626270282158,86,185,0.24,86,3,severe,0.55,64,0,0,1,0.538504467386688,0.5141390506356748,0.174875,104,0.17441860465116277,0.21705426356589144
digits,2,unweighted ensemble,0.9883720930232558,0.12144320211820388,0.33093138092901037,86,185,0.24,86,3,severe,0.55,64,1,2064,3,0.538504467386688,0.5141390506356748,0.335166,264,0.17441860465116277,0.21705426356589144
digits,2,weighted ensemble,0.9883720930232558,0.057525025038390916,0.21963212449116665,86,185,0.24,86,3,severe,0.55,64,1,2064,3,0.538504467386688,0.5141390506356748,0.331792,264,0.17441860465116277,0.21705426356589144
digits,2,hard transfer,0.9418604651162791,0.03215983391088031,0.06510188578209623,86,185,0.24,86,3,severe,0.55,64,1,2064,1,0.538504467386688,0.5141390506356748,0.004166,56,0.17441860465116277,0.21705426356589144
digits,2,FedDF,0.9302325581395349,0.146701519428484,0.3001423288718637,86,185,0.24,86,3,severe,0.55,64,1,2064,1,0.538504467386688,0.5141390506356748,0.004,56,0.17441860465116277,0.21705426356589144
digits,2,FedMD-1r,0.9534883720930233,0.10666344881294942,0.2822353799208522,86,185,0.24,86,3,severe,0.55,64,1,2064,3,0.538504467386688,0.5141390506356748,0.336583,264,0.17441860465116277,0.21705426356589144
digits,2,FedMD-2r,0.9534883720930233,0.09649349578888927,0.2580068571274901,86,185,0.24,86,3,severe,0.55,64,2,4128,3,0.538504467386688,0.5141390506356748,0.34525,264,0.17441860465116277,0.21705426356589144
digits,2,FedMD,0.9534883720930233,0.09177669978435106,0.2565323380158643,86,185,0.24,86,3,severe,0.55,64,3,6192,3,0.538504467386688,0.5141390506356748,0.337292,264,0.17441860465116277,0.21705426356589144
digits,2,centralized reference,0.9418604651162791,0.029056511041417526,0.0641641645123389,86,185,0.24,86,3,severe,0.55,64,0,0,1,0.538504467386688,0.5141390506356748,0.004208,56,0.17441860465116277,0.21705426356589144
digits,3,best local,0.8953488372093024,0.059155926981148944,0.08870307996031013,86,185,0.24,86,3,severe,0.55,64,0,0,1,0.6116795592340708,0.5203688217136252,0.165583,104,-0.023255813953488413,0.034883720930232544
digits,3,unweighted ensemble,0.9186046511627907,0.09932222255587417,0.23934583707895407,86,185,0.24,86,3,severe,0.55,64,1,2064,3,0.6116795592340708,0.5203688217136252,0.334542,264,-0.023255813953488413,0.034883720930232544
digits,3,weighted ensemble,0.9302325581395349,0.06625891901452259,0.14408263195187399,86,185,0.24,86,3,severe,0.55,64,1,2064,3,0.6116795592340708,0.5203688217136252,0.333291,264,-0.023255813953488413,0.034883720930232544
digits,3,hard transfer,0.9418604651162791,0.04172308817988287,0.06900032370199377,86,185,0.24,86,3,severe,0.55,64,1,2064,1,0.6116795592340708,0.5203688217136252,0.004208,56,-0.023255813953488413,0.034883720930232544
digits,3,FedDF,0.8953488372093024,0.10187630652992558,0.23183011880786447,86,185,0.24,86,3,severe,0.55,64,1,2064,1,0.6116795592340708,0.5203688217136252,0.004083,56,-0.023255813953488413,0.034883720930232544
digits,3,FedMD-1r,0.9534883720930233,0.07365953937417402,0.21730290206939717,86,185,0.24,86,3,severe,0.55,64,1,2064,3,0.6116795592340708,0.5203688217136252,0.341666,264,-0.023255813953488413,0.034883720930232544
digits,3,FedMD-2r,0.9767441860465116,0.06102245045809969,0.18903743260429937,86,185,0.24,86,3,severe,0.55,64,2,4128,3,0.6116795592340708,0.5203688217136252,0.342417,264,-0.023255813953488413,0.034883720930232544
digits,3,FedMD,0.9651162790697675,0.05508097206347322,0.17203469892076417,86,185,0.24,86,3,severe,0.55,64,3,6192,3,0.6116795592340708,0.5203688217136252,0.334667,264,-0.023255813953488413,0.034883720930232544
digits,3,centralized reference,1.0,0.010020453552048376,0.045195458018131636,86,185,0.24,86,3,severe,0.55,64,0,0,1,0.6116795592340708,0.5203688217136252,0.00425,56,-0.023255813953488413,0.034883720930232544
digits,4,best local,0.9418604651162791,0.04299979540496349,0.09053059403867283,86,185,0.24,86,3,severe,0.55,64,0,0,1,0.6061289131806761,0.5089182017726653,0.156,104,0.04651162790697683,0.09689922480620161
digits,4,unweighted ensemble,0.9651162790697675,0.10431455480764516,0.3119915582754002,86,185,0.24,86,3,severe,0.55,64,1,2064,3,0.6061289131806761,0.5089182017726653,0.341209,264,0.04651162790697683,0.09689922480620161
digits,4,weighted ensemble,0.9534883720930233,0.06916858713762288,0.2064298038965504,86,185,0.24,86,3,severe,0.55,64,1,2064,3,0.6061289131806761,0.5089182017726653,0.331375,264,0.04651162790697683,0.09689922480620161
digits,4,hard transfer,0.9651162790697675,0.023544513652713598,0.038651378221266984,86,185,0.24,86,3,severe,0.55,64,1,2064,1,0.6061289131806761,0.5089182017726653,0.003875,56,0.04651162790697683,0.09689922480620161
digits,4,FedDF,0.9534883720930233,0.10898703420865999,0.2662631584411159,86,185,0.24,86,3,severe,0.55,64,1,2064,1,0.6061289131806761,0.5089182017726653,0.003791,56,0.04651162790697683,0.09689922480620161
digits,4,FedMD-1r,1.0,0.08080088561561256,0.271305690905002,86,185,0.24,86,3,severe,0.55,64,1,2064,3,0.6061289131806761,0.5089182017726653,0.33,264,0.04651162790697683,0.09689922480620161
digits,4,FedMD-2r,1.0,0.07045517657182528,0.2509968159530558,86,185,0.24,86,3,severe,0.55,64,2,4128,3,0.6061289131806761,0.5089182017726653,0.331667,264,0.04651162790697683,0.09689922480620161
digits,4,FedMD,0.9883720930232558,0.06535644069494385,0.2399365828916055,86,185,0.24,86,3,severe,0.55,64,3,6192,3,0.6061289131806761,0.5089182017726653,0.329833,264,0.04651162790697683,0.09689922480620161
digits,4,centralized reference,0.9883720930232558,0.015326388897429289,0.04005418286728188,86,185,0.24,86,3,severe,0.55,64,0,0,1,0.6061289131806761,0.5089182017726653,0.004292,56,0.04651162790697683,0.09689922480620161
digits,5,best local,0.9302325581395349,0.04756937364697074,0.08884317795502639,86,185,0.24,86,3,severe,0.55,64,0,0,1,0.5469825789780778,0.4625711983551444,0.159916,104,0.08139534883720934,0.14728682170542637
digits,5,unweighted ensemble,0.9302325581395349,0.13020216261583958,0.290408983325505,86,185,0.24,86,3,severe,0.55,64,1,2064,3,0.5469825789780778,0.4625711983551444,0.327,264,0.08139534883720934,0.14728682170542637
digits,5,weighted ensemble,0.9302325581395349,0.08041660553016784,0.21598715270687632,86,185,0.24,86,3,severe,0.55,64,1,2064,3,0.5469825789780778,0.4625711983551444,0.31825,264,0.08139534883720934,0.14728682170542637
digits,5,hard transfer,0.9302325581395349,0.0552083409844389,0.08696693904745814,86,185,0.24,86,3,severe,0.55,64,1,2064,1,0.5469825789780778,0.4625711983551444,0.004125,56,0.08139534883720934,0.14728682170542637
digits,5,FedDF,0.9186046511627907,0.1388103906262174,0.27682111371311574,86,185,0.24,86,3,severe,0.55,64,1,2064,1,0.5469825789780778,0.4625711983551444,0.004,56,0.08139534883720934,0.14728682170542637
digits,5,FedMD-1r,0.9418604651162791,0.11949811815218384,0.27068951885229486,86,185,0.24,86,3,severe,0.55,64,1,2064,3,0.5469825789780778,0.4625711983551444,0.315708,264,0.08139534883720934,0.14728682170542637
digits,5,FedMD-2r,0.9418604651162791,0.11401718828464963,0.2598031699726729,86,185,0.24,86,3,severe,0.55,64,2,4128,3,0.5469825789780778,0.4625711983551444,0.327375,264,0.08139534883720934,0.14728682170542637
digits,5,FedMD,0.9534883720930233,0.11130762366317301,0.2651843570236206,86,185,0.24,86,3,severe,0.55,64,3,6192,3,0.5469825789780778,0.4625711983551444,0.334541,264,0.08139534883720934,0.14728682170542637
digits,5,centralized reference,0.9767441860465116,0.01934080925575746,0.043188723570280495,86,185,0.24,86,3,severe,0.55,64,0,0,1,0.5469825789780778,0.4625711983551444,0.003875,56,0.08139534883720934,0.14728682170542637
digits,6,best local,0.9651162790697675,0.027776490027249454,0.0506796009019229,86,185,0.24,86,3,severe,0.55,64,0,0,1,0.5569917069431293,0.49131442696739763,0.156833,104,0.12790697674418605,0.21317829457364346
digits,6,unweighted ensemble,0.9651162790697675,0.1204533655906792,0.30243502637392794,86,185,0.24,86,3,severe,0.55,64,1,2064,3,0.5569917069431293,0.49131442696739763,0.320292,264,0.12790697674418605,0.21317829457364346
digits,6,weighted ensemble,0.9651162790697675,0.06483670734152193,0.2124622602902151,86,185,0.24,86,3,severe,0.55,64,1,2064,3,0.5569917069431293,0.49131442696739763,0.313625,264,0.12790697674418605,0.21317829457364346
digits,6,hard transfer,0.9651162790697675,0.02933153170566911,0.028772621935566876,86,185,0.24,86,3,severe,0.55,64,1,2064,1,0.5569917069431293,0.49131442696739763,0.004125,56,0.12790697674418605,0.21317829457364346
digits,6,FedDF,0.9534883720930233,0.13911483036142613,0.31438273210024753,86,185,0.24,86,3,severe,0.55,64,1,2064,1,0.5569917069431293,0.49131442696739763,0.004083,56,0.12790697674418605,0.21317829457364346
digits,6,FedMD-1r,0.9534883720930233,0.08881612959830658,0.2279454759764607,86,185,0.24,86,3,severe,0.55,64,1,2064,3,0.5569917069431293,0.49131442696739763,0.326042,264,0.12790697674418605,0.21317829457364346
digits,6,FedMD-2r,0.9534883720930233,0.07135468250210124,0.19121653213792966,86,185,0.24,86,3,severe,0.55,64,2,4128,3,0.5569917069431293,0.49131442696739763,0.326833,264,0.12790697674418605,0.21317829457364346
digits,6,FedMD,0.9534883720930233,0.06369472820021166,0.16649597005700484,86,185,0.24,86,3,severe,0.55,64,3,6192,3,0.5569917069431293,0.49131442696739763,0.328833,264,0.12790697674418605,0.21317829457364346
digits,6,centralized reference,0.9418604651162791,0.03197803388307013,0.05452930838479034,86,185,0.24,86,3,severe,0.55,64,0,0,1,0.5569917069431293,0.49131442696739763,0.00425,56,0.12790697674418605,0.21317829457364346
digits,7,best local,0.9302325581395349,0.05930372973298679,0.09212502622548338,86,185,0.24,86,3,severe,0.55,64,0,0,1,0.6011379894153867,0.4874528058244069,0.15525,104,0.11627906976744184,0.17829457364341086
digits,7,unweighted ensemble,0.9418604651162791,0.1252179136221995,0.27010277845299524,86,185,0.24,86,3,severe,0.55,64,1,2064,3,0.6011379894153867,0.4874528058244069,0.32825,264,0.11627906976744184,0.17829457364341086
digits,7,weighted ensemble,0.9302325581395349,0.0848702302202183,0.19369670140960252,86,185,0.24,86,3,severe,0.55,64,1,2064,3,0.6011379894153867,0.4874528058244069,0.330958,264,0.11627906976744184,0.17829457364341086
digits,7,hard transfer,0.9534883720930233,0.04862271793631153,0.09364502297085343,86,185,0.24,86,3,severe,0.55,64,1,2064,1,0.6011379894153867,0.4874528058244069,0.004125,56,0.11627906976744184,0.17829457364341086
digits,7,FedDF,0.8604651162790697,0.14153055208766482,0.22198529253057253,86,185,0.24,86,3,severe,0.55,64,1,2064,1,0.6011379894153867,0.4874528058244069,0.004083,56,0.11627906976744184,0.17829457364341086
digits,7,FedMD-1r,0.9534883720930233,0.10616888016416288,0.2531382974584268,86,185,0.24,86,3,severe,0.55,64,1,2064,3,0.6011379894153867,0.4874528058244069,0.333417,264,0.11627906976744184,0.17829457364341086
digits,7,FedMD-2r,0.9302325581395349,0.08988541534460455,0.22600652533747723,86,185,0.24,86,3,severe,0.55,64,2,4128,3,0.6011379894153867,0.4874528058244069,0.333041,264,0.11627906976744184,0.17829457364341086
digits,7,FedMD,0.9186046511627907,0.08140961525474467,0.20644395789743186,86,185,0.24,86,3,severe,0.55,64,3,6192,3,0.6011379894153867,0.4874528058244069,0.328666,264,0.11627906976744184,0.17829457364341086
digits,7,centralized reference,0.9651162790697675,0.02567043101684597,0.05293236196585527,86,185,0.24,86,3,severe,0.55,64,0,0,1,0.6011379894153867,0.4874528058244069,0.004125,56,0.11627906976744184,0.17829457364341086
digits,8,best local,0.9418604651162791,0.04032348851745384,0.0635348541423723,86,185,0.24,86,3,severe,0.55,64,0,0,1,0.589605536304711,0.47167516085370553,0.160791,104,0.023255813953488413,0.05038759689922486
digits,8,unweighted ensemble,0.9534883720930233,0.09190628045089788,0.24492047004128475,86,185,0.24,86,3,severe,0.55,64,1,2064,3,0.589605536304711,0.47167516085370553,0.340208,264,0.023255813953488413,0.05038759689922486
digits,8,weighted ensemble,0.9302325581395349,0.05649503530846077,0.15507380408770277,86,185,0.24,86,3,severe,0.55,64,1,2064,3,0.589605536304711,0.47167516085370553,0.33375,264,0.023255813953488413,0.05038759689922486
digits,8,hard transfer,0.9534883720930233,0.036407582831038475,0.053090819510789325,86,185,0.24,86,3,severe,0.55,64,1,2064,1,0.589605536304711,0.47167516085370553,0.004333,56,0.023255813953488413,0.05038759689922486
digits,8,FedDF,0.9651162790697675,0.10022864015531996,0.24332875386135516,86,185,0.24,86,3,severe,0.55,64,1,2064,1,0.589605536304711,0.47167516085370553,0.004083,56,0.023255813953488413,0.05038759689922486
digits,8,FedMD-1r,0.9651162790697675,0.08893850919749309,0.23036901942852037,86,185,0.24,86,3,severe,0.55,64,1,2064,3,0.589605536304711,0.47167516085370553,0.324291,264,0.023255813953488413,0.05038759689922486
digits,8,FedMD-2r,0.9651162790697675,0.08948713531943985,0.23221355430172688,86,185,0.24,86,3,severe,0.55,64,2,4128,3,0.589605536304711,0.47167516085370553,0.320416,264,0.023255813953488413,0.05038759689922486
digits,8,FedMD,0.9534883720930233,0.08986340006381063,0.2231278596341868,86,185,0.24,86,3,severe,0.55,64,3,6192,3,0.589605536304711,0.47167516085370553,0.320792,264,0.023255813953488413,0.05038759689922486
digits,8,centralized reference,0.9651162790697675,0.027512181768549082,0.032911242280889916,86,185,0.24,86,3,severe,0.55,64,0,0,1,0.589605536304711,0.47167516085370553,0.004291,56,0.023255813953488413,0.05038759689922486
digits,9,best local,0.8255813953488372,0.11260593982715243,0.14281375727317636,86,185,0.24,86,3,severe,0.55,64,0,0,1,0.5812426467272556,0.483493824275741,0.155333,104,0.03488372093023251,0.10465116279069764
digits,9,unweighted ensemble,0.8488372093023255,0.14131177007643092,0.3047788611740764,86,185,0.24,86,3,severe,0.55,64,1,2064,3,0.5812426467272556,0.483493824275741,0.320334,264,0.03488372093023251,0.10465116279069764
digits,9,weighted ensemble,0.8255813953488372,0.11622217490581155,0.2383313041457341,86,185,0.24,86,3,severe,0.55,64,1,2064,3,0.5812426467272556,0.483493824275741,0.334416,264,0.03488372093023251,0.10465116279069764
digits,9,hard transfer,0.9069767441860465,0.07344819203790555,0.1109580586659778,86,185,0.24,86,3,severe,0.55,64,1,2064,1,0.5812426467272556,0.483493824275741,0.004208,56,0.03488372093023251,0.10465116279069764
digits,9,FedDF,0.8488372093023255,0.14008674831122386,0.22940376235997006,86,185,0.24,86,3,severe,0.55,64,1,2064,1,0.5812426467272556,0.483493824275741,0.004208,56,0.03488372093023251,0.10465116279069764
digits,9,FedMD-1r,0.9302325581395349,0.10299206549054839,0.2733684504104529,86,185,0.24,86,3,severe,0.55,64,1,2064,3,0.5812426467272556,0.483493824275741,0.324459,264,0.03488372093023251,0.10465116279069764
digits,9,FedMD-2r,0.9418604651162791,0.0886010100363398,0.24291475717245758,86,185,0.24,86,3,severe,0.55,64,2,4128,3,0.5812426467272556,0.483493824275741,0.32625,264,0.03488372093023251,0.10465116279069764
digits,9,FedMD,0.9534883720930233,0.08255624281301664,0.22734133118346228,86,185,0.24,86,3,severe,0.55,64,3,6192,3,0.5812426467272556,0.483493824275741,0.331166,264,0.03488372093023251,0.10465116279069764
digits,9,centralized reference,0.9651162790697675,0.026749232454290638,0.06099216048909578,86,185,0.24,86,3,severe,0.55,64,0,0,1,0.5812426467272556,0.483493824275741,0.004083,56,0.03488372093023251,0.10465116279069764
digits,10,best local,0.9418604651162791,0.04838344019263624,0.07487760932360935,86,185,0.24,86,3,severe,0.55,64,0,0,1,0.5713918233656775,0.4760370420473971,0.163708,104,0.12790697674418605,0.1744186046511628
digits,10,unweighted ensemble,0.9418604651162791,0.11612431252316527,0.25220286270654374,86,185,0.24,86,3,severe,0.55,64,1,2064,3,0.5713918233656775,0.4760370420473971,0.334375,264,0.12790697674418605,0.1744186046511628
digits,10,weighted ensemble,0.9418604651162791,0.0735930924152778,0.16925547272640776,86,185,0.24,86,3,severe,0.55,64,1,2064,3,0.5713918233656775,0.4760370420473971,0.3275,264,0.12790697674418605,0.1744186046511628
digits,10,hard transfer,0.9418604651162791,0.033273564206616695,0.05756723226549043,86,185,0.24,86,3,severe,0.55,64,1,2064,1,0.5713918233656775,0.4760370420473971,0.004208,56,0.12790697674418605,0.1744186046511628
digits,10,FedDF,0.9069767441860465,0.13380311694587252,0.24682374114868144,86,185,0.24,86,3,severe,0.55,64,1,2064,1,0.5713918233656775,0.4760370420473971,0.004042,56,0.12790697674418605,0.1744186046511628
digits,10,FedMD-1r,0.9651162790697675,0.09019138738071784,0.24170382809773766,86,185,0.24,86,3,severe,0.55,64,1,2064,3,0.5713918233656775,0.4760370420473971,0.329958,264,0.12790697674418605,0.1744186046511628
digits,10,FedMD-2r,0.9767441860465116,0.07181808245747584,0.21592978533718582,86,185,0.24,86,3,severe,0.55,64,2,4128,3,0.5713918233656775,0.4760370420473971,0.32725,264,0.12790697674418605,0.1744186046511628
digits,10,FedMD,0.9767441860465116,0.062228662492254005,0.19246503441790647,86,185,0.24,86,3,severe,0.55,64,3,6192,3,0.5713918233656775,0.4760370420473971,0.329458,264,0.12790697674418605,0.1744186046511628
digits,10,centralized reference,0.9651162790697675,0.020615209216628027,0.0713961418748724,86,185,0.24,86,3,severe,0.55,64,0,0,1,0.5713918233656775,0.4760370420473971,0.003833,56,0.12790697674418605,0.1744186046511628
digits,11,best local,0.9534883720930233,0.03334912692839378,0.054775297361004456,86,185,0.24,86,3,severe,0.55,64,0,0,1,0.5142717226925779,0.5231370342585646,0.151458,104,0.16279069767441867,0.2093023255813954
digits,11,unweighted ensemble,0.9534883720930233,0.12639828256405616,0.2964719322269698,86,185,0.24,86,3,severe,0.55,64,1,2064,3,0.5142717226925779,0.5231370342585646,0.318292,264,0.16279069767441867,0.2093023255813954
digits,11,weighted ensemble,0.9534883720930233,0.07174982476700932,0.20587606544354645,86,185,0.24,86,3,severe,0.55,64,1,2064,3,0.5142717226925779,0.5231370342585646,0.316291,264,0.16279069767441867,0.2093023255813954
digits,11,hard transfer,0.9418604651162791,0.03858409468751155,0.05683402104566383,86,185,0.24,86,3,severe,0.55,64,1,2064,1,0.5142717226925779,0.5231370342585646,0.004208,56,0.16279069767441867,0.2093023255813954
digits,11,FedDF,0.9302325581395349,0.14305922660099815,0.2976527688366096,86,185,0.24,86,3,severe,0.55,64,1,2064,1,0.5142717226925779,0.5231370342585646,0.004,56,0.16279069767441867,0.2093023255813954
digits,11,FedMD-1r,0.9302325581395349,0.11877471801544798,0.25768030544176607,86,185,0.24,86,3,severe,0.55,64,1,2064,3,0.5142717226925779,0.5231370342585646,0.318,264,0.16279069767441867,0.2093023255813954
digits,11,FedMD-2r,0.9302325581395349,0.10967026411795519,0.26472253301865917,86,185,0.24,86,3,severe,0.55,64,2,4128,3,0.5142717226925779,0.5231370342585646,0.309084,264,0.16279069767441867,0.2093023255813954
digits,11,FedMD,0.9302325581395349,0.10534012987997729,0.25272385476610143,86,185,0.24,86,3,severe,0.55,64,3,6192,3,0.5142717226925779,0.5231370342585646,0.314333,264,0.16279069767441867,0.2093023255813954
digits,11,centralized reference,0.9883720930232558,0.01842066108138175,0.07088171830809457,86,185,0.24,86,3,severe,0.55,64,0,0,1,0.5142717226925779,0.5231370342585646,0.004084,56,0.16279069767441867,0.2093023255813954
wine,0,best local,0.8125,0.13545422085519404,0.17120352970395752,31,67,0.24,32,3,severe,0.55,64,0,0,1,0.6960844861660079,0.5351819828722003,0.003834,56,-0.0625,0.010416666666666666
wine,0,unweighted ensemble,0.875,0.11102783590225218,0.18289120549888396,31,67,0.24,32,3,severe,0.55,64,1,744,3,0.6960844861660079,0.5351819828722003,0.230417,264,-0.0625,0.010416666666666666
wine,0,weighted ensemble,0.84375,0.11368754409449262,0.15268962214117246,31,67,0.24,32,3,severe,0.55,64,1,744,3,0.6960844861660079,0.5351819828722003,0.22325,264,-0.0625,0.010416666666666666
wine,0,hard transfer,0.84375,0.15411168457901203,0.21196716930052933,31,67,0.24,32,3,severe,0.55,64,1,744,1,0.6960844861660079,0.5351819828722003,0.003667,56,-0.0625,0.010416666666666666
wine,0,FedDF,0.96875,0.1150240391912796,0.28864574613571464,31,67,0.24,32,3,severe,0.55,64,1,744,1,0.6960844861660079,0.5351819828722003,0.003584,56,-0.0625,0.010416666666666666
wine,0,FedMD-1r,0.90625,0.1003610731589247,0.21952242210956224,31,67,0.24,32,3,severe,0.55,64,1,744,3,0.6960844861660079,0.5351819828722003,0.224875,264,-0.0625,0.010416666666666666
wine,0,FedMD-2r,0.9375,0.09400066054735116,0.2084720747875314,31,67,0.24,32,3,severe,0.55,64,2,1488,3,0.6960844861660079,0.5351819828722003,0.208917,264,-0.0625,0.010416666666666666
wine,0,FedMD,0.9375,0.09035419690646951,0.20170506735992874,31,67,0.24,32,3,severe,0.55,64,3,2232,3,0.6960844861660079,0.5351819828722003,0.218167,264,-0.0625,0.010416666666666666
wine,0,centralized reference,0.96875,0.03758856447004487,0.06691163397606753,31,67,0.24,32,3,severe,0.55,64,0,0,1,0.6960844861660079,0.5351819828722003,0.003625,56,-0.0625,0.010416666666666666
wine,1,best local,1.0,0.02746779401811162,0.10071139147450518,31,67,0.24,32,3,severe,0.55,64,0,0,1,0.6147891963109354,0.5529479578392622,0.101791,104,0.0625,0.15625
wine,1,unweighted ensemble,1.0,0.08906169891055528,0.28166527190682233,31,67,0.24,32,3,severe,0.55,64,1,744,3,0.6147891963109354,0.5529479578392622,0.213583,264,0.0625,0.15625
wine,1,weighted ensemble,0.96875,0.0510100662220402,0.2026836024540848,31,67,0.24,32,3,severe,0.55,64,1,744,3,0.6147891963109354,0.5529479578392622,0.219167,264,0.0625,0.15625
wine,1,hard transfer,0.90625,0.05448952808044977,0.10744294478070573,31,67,0.24,32,3,severe,0.55,64,1,744,1,0.6147891963109354,0.5529479578392622,0.003667,56,0.0625,0.15625
wine,1,FedDF,0.9375,0.11157246406296328,0.23553807837113908,31,67,0.24,32,3,severe,0.55,64,1,744,1,0.6147891963109354,0.5529479578392622,0.003542,56,0.0625,0.15625
wine,1,FedMD-1r,1.0,0.07135496207649808,0.24800734296586613,31,67,0.24,32,3,severe,0.55,64,1,744,3,0.6147891963109354,0.5529479578392622,0.221042,264,0.0625,0.15625
wine,1,FedMD-2r,1.0,0.06019940510033734,0.2237126730069774,31,67,0.24,32,3,severe,0.55,64,2,1488,3,0.6147891963109354,0.5529479578392622,0.220625,264,0.0625,0.15625
wine,1,FedMD,1.0,0.05461871304377898,0.21075139983242136,31,67,0.24,32,3,severe,0.55,64,3,2232,3,0.6147891963109354,0.5529479578392622,0.219417,264,0.0625,0.15625
wine,1,centralized reference,0.96875,0.022589863458334927,0.06830755883258166,31,67,0.24,32,3,severe,0.55,64,0,0,1,0.6147891963109354,0.5529479578392622,0.0035,56,0.0625,0.15625
wine,2,best local,0.84375,0.0882565357275311,0.15722013023661158,31,67,0.24,32,3,severe,0.55,64,0,0,1,0.7181941699604742,0.5231595849802372,0.110833,104,0.09375,0.15625
wine,2,unweighted ensemble,0.9375,0.11708972524572397,0.2461297283091313,31,67,0.24,32,3,severe,0.55,64,1,744,3,0.7181941699604742,0.5231595849802372,0.222625,264,0.09375,0.15625
wine,2,weighted ensemble,0.90625,0.09239524848386718,0.17893660729618605,31,67,0.24,32,3,severe,0.55,64,1,744,3,0.7181941699604742,0.5231595849802372,0.214167,264,0.09375,0.15625
wine,2,hard transfer,0.96875,0.040560584588194996,0.11929842979533664,31,67,0.24,32,3,severe,0.55,64,1,744,1,0.7181941699604742,0.5231595849802372,0.00375,56,0.09375,0.15625
wine,2,FedDF,0.90625,0.11071751517694638,0.22708417951940832,31,67,0.24,32,3,severe,0.55,64,1,744,1,0.7181941699604742,0.5231595849802372,0.003417,56,0.09375,0.15625
wine,2,FedMD-1r,1.0,0.10106305218775875,0.29615108599870577,31,67,0.24,32,3,severe,0.55,64,1,744,3,0.7181941699604742,0.5231595849802372,0.221791,264,0.09375,0.15625
wine,2,FedMD-2r,1.0,0.09038702154386674,0.2780787259174062,31,67,0.24,32,3,severe,0.55,64,2,1488,3,0.7181941699604742,0.5231595849802372,0.225875,264,0.09375,0.15625
wine,2,FedMD,1.0,0.0845812814894394,0.26777064494674363,31,67,0.24,32,3,severe,0.55,64,3,2232,3,0.7181941699604742,0.5231595849802372,0.225625,264,0.09375,0.15625
wine,2,centralized reference,1.0,0.006042703677217813,0.05519902513174281,31,67,0.24,32,3,severe,0.55,64,0,0,1,0.7181941699604742,0.5231595849802372,0.00375,56,0.09375,0.15625
wine,3,best local,0.78125,0.15416086057979603,0.21453781745907466,31,67,0.24,32,3,severe,0.55,64,0,0,1,0.6453823953823954,0.49638685966810964,0.003834,56,-0.0625,0.041666666666666664
wine,3,unweighted ensemble,0.875,0.12343988527010874,0.240351508723013,31,67,0.24,32,3,severe,0.55,64,1,744,3,0.6453823953823954,0.49638685966810964,0.225583,264,-0.0625,0.041666666666666664
wine,3,weighted ensemble,0.84375,0.1095144112174016,0.21481774648265764,31,67,0.24,32,3,severe,0.55,64,1,744,3,0.6453823953823954,0.49638685966810964,0.2235,264,-0.0625,0.041666666666666664
wine,3,hard transfer,0.96875,0.04013005559790955,0.07221941499382606,31,67,0.24,32,3,severe,0.55,64,1,744,1,0.6453823953823954,0.49638685966810964,0.00375,56,-0.0625,0.041666666666666664
wine,3,FedDF,0.96875,0.11005005430223047,0.2709691576088616,31,67,0.24,32,3,severe,0.55,64,1,744,1,0.6453823953823954,0.49638685966810964,0.003667,56,-0.0625,0.041666666666666664
wine,3,FedMD-1r,0.9375,0.10407707403441274,0.22029720995521457,31,67,0.24,32,3,severe,0.55,64,1,744,3,0.6453823953823954,0.49638685966810964,0.225,264,-0.0625,0.041666666666666664
wine,3,FedMD-2r,0.9375,0.10199060781323882,0.21330251502230824,31,67,0.24,32,3,severe,0.55,64,2,1488,3,0.6453823953823954,0.49638685966810964,0.229334,264,-0.0625,0.041666666666666664
wine,3,FedMD,0.9375,0.10065954118276108,0.20142282199811057,31,67,0.24,32,3,severe,0.55,64,3,2232,3,0.6453823953823954,0.49638685966810964,0.221625,264,-0.0625,0.041666666666666664
wine,3,centralized reference,0.9375,0.025619271946191492,0.08184542078584871,31,67,0.24,32,3,severe,0.55,64,0,0,1,0.6453823953823954,0.49638685966810964,0.003792,56,-0.0625,0.041666666666666664
wine,4,best local,0.96875,0.032833326140329216,0.07046620057825376,31,67,0.24,32,3,severe,0.55,64,0,0,1,0.6263381093544137,0.5092638339920948,0.1105,104,0.0,0.041666666666666664
wine,4,unweighted ensemble,0.9375,0.0988867745902608,0.22558953984001004,31,67,0.24,32,3,severe,0.55,64,1,744,3,0.6263381093544137,0.5092638339920948,0.225458,264,0.0,0.041666666666666664
wine,4,weighted ensemble,0.96875,0.061717590534852616,0.15042182987466649,31,67,0.24,32,3,severe,0.55,64,1,744,3,0.6263381093544137,0.5092638339920948,0.223667,264,0.0,0.041666666666666664
wine,4,hard transfer,0.90625,0.04928094124580912,0.06828571699219246,31,67,0.24,32,3,severe,0.55,64,1,744,1,0.6263381093544137,0.5092638339920948,0.003459,56,0.0,0.041666666666666664
wine,4,FedDF,0.9375,0.10006606359250797,0.22055787962200799,31,67,0.24,32,3,severe,0.55,64,1,744,1,0.6263381093544137,0.5092638339920948,0.003334,56,0.0,0.041666666666666664
wine,4,FedMD-1r,0.90625,0.0790871085706104,0.20836085178632968,31,67,0.24,32,3,severe,0.55,64,1,744,3,0.6263381093544137,0.5092638339920948,0.210958,264,0.0,0.041666666666666664
wine,4,FedMD-2r,0.9375,0.06754402387040534,0.18873582537113578,31,67,0.24,32,3,severe,0.55,64,2,1488,3,0.6263381093544137,0.5092638339920948,0.219333,264,0.0,0.041666666666666664
wine,4,FedMD,0.9375,0.061458364809394095,0.17678139596000192,31,67,0.24,32,3,severe,0.55,64,3,2232,3,0.6263381093544137,0.5092638339920948,0.2235,264,0.0,0.041666666666666664
wine,4,centralized reference,1.0,0.00743276231558435,0.04524098857074254,31,67,0.24,32,3,severe,0.55,64,0,0,1,0.6263381093544137,0.5092638339920948,0.003708,56,0.0,0.041666666666666664
wine,5,best local,0.96875,0.03134793202282024,0.08711377792168354,31,67,0.24,32,3,severe,0.55,64,0,0,1,0.6052577404479579,0.4676177536231884,0.104625,104,0.03125,0.08333333333333333
wine,5,unweighted ensemble,0.96875,0.07945917583791301,0.25061063606066425,31,67,0.24,32,3,severe,0.55,64,1,744,3,0.6052577404479579,0.4676177536231884,0.214583,264,0.03125,0.08333333333333333
wine,5,weighted ensemble,0.96875,0.0507027182476968,0.19364811098387189,31,67,0.24,32,3,severe,0.55,64,1,744,3,0.6052577404479579,0.4676177536231884,0.223625,264,0.03125,0.08333333333333333
wine,5,hard transfer,0.96875,0.021901590095244915,0.06886716715636194,31,67,0.24,32,3,severe,0.55,64,1,744,1,0.6052577404479579,0.4676177536231884,0.003708,56,0.03125,0.08333333333333333
wine,5,FedDF,0.96875,0.07504615241069307,0.21361693058504275,31,67,0.24,32,3,severe,0.55,64,1,744,1,0.6052577404479579,0.4676177536231884,0.003583,56,0.03125,0.08333333333333333
wine,5,FedMD-1r,1.0,0.053808814020028115,0.20853504957119884,31,67,0.24,32,3,severe,0.55,64,1,744,3,0.6052577404479579,0.4676177536231884,0.227584,264,0.03125,0.08333333333333333
wine,5,FedMD-2r,1.0,0.046073176967793554,0.1902264486362903,31,67,0.24,32,3,severe,0.55,64,2,1488,3,0.6052577404479579,0.4676177536231884,0.224875,264,0.03125,0.08333333333333333
wine,5,FedMD,1.0,0.042869655508429375,0.18177261170531753,31,67,0.24,32,3,severe,0.55,64,3,2232,3,0.6052577404479579,0.4676177536231884,0.211792,264,0.03125,0.08333333333333333
wine,5,centralized reference,0.9375,0.02464829473941498,0.06063937593300178,31,67,0.24,32,3,severe,0.55,64,0,0,1,0.6052577404479579,0.4676177536231884,0.003542,56,0.03125,0.08333333333333333
wine,6,best local,0.90625,0.04348840524529001,0.10379676345823387,31,67,0.24,32,3,severe,0.55,64,0,0,1,0.6106719367588932,0.4860630764163372,0.109208,104,0.0625,0.10416666666666667
wine,6,unweighted ensemble,0.875,0.1180691635796883,0.23303939156726058,31,67,0.24,32,3,severe,0.55,64,1,744,3,0.6106719367588932,0.4860630764163372,0.222875,264,0.0625,0.10416666666666667
wine,6,weighted ensemble,0.90625,0.07667889338488855,0.20500770397580773,31,67,0.24,32,3,severe,0.55,64,1,744,3,0.6106719367588932,0.4860630764163372,0.2185,264,0.0625,0.10416666666666667
wine,6,hard transfer,1.0,0.008208645713081665,0.046876301558309436,31,67,0.24,32,3,severe,0.55,64,1,744,1,0.6106719367588932,0.4860630764163372,0.003666,56,0.0625,0.10416666666666667
wine,6,FedDF,0.9375,0.11315242765617665,0.24977156545811766,31,67,0.24,32,3,severe,0.55,64,1,744,1,0.6106719367588932,0.4860630764163372,0.003542,56,0.0625,0.10416666666666667
wine,6,FedMD-1r,0.9375,0.08348133478468042,0.18846094713474287,31,67,0.24,32,3,severe,0.55,64,1,744,3,0.6106719367588932,0.4860630764163372,0.220542,264,0.0625,0.10416666666666667
wine,6,FedMD-2r,0.9375,0.07151396717375966,0.20107986876698514,31,67,0.24,32,3,severe,0.55,64,2,1488,3,0.6106719367588932,0.4860630764163372,0.233792,264,0.0625,0.10416666666666667
wine,6,FedMD,0.9375,0.06620186454061133,0.18706423293643212,31,67,0.24,32,3,severe,0.55,64,3,2232,3,0.6106719367588932,0.4860630764163372,0.229041,264,0.0625,0.10416666666666667
wine,6,centralized reference,1.0,0.010944868278438317,0.04812739898102098,31,67,0.24,32,3,severe,0.55,64,0,0,1,0.6106719367588932,0.4860630764163372,0.00375,56,0.0625,0.10416666666666667
wine,7,best local,0.96875,0.038274920428528855,0.0549370467259524,31,67,0.24,32,3,severe,0.55,64,0,0,1,0.583889163372859,0.5183423913043478,0.109125,104,0.0625,0.08333333333333333
wine,7,unweighted ensemble,0.96875,0.08678726379671474,0.22976433123861673,31,67,0.24,32,3,severe,0.55,64,1,744,3,0.583889163372859,0.5183423913043478,0.225791,264,0.0625,0.08333333333333333
wine,7,weighted ensemble,0.96875,0.05687526868506635,0.1461727688635972,31,67,0.24,32,3,severe,0.55,64,1,744,3,0.583889163372859,0.5183423913043478,0.217542,264,0.0625,0.08333333333333333
wine,7,hard transfer,0.96875,0.03707555521111143,0.05566037127114482,31,67,0.24,32,3,severe,0.55,64,1,744,1,0.583889163372859,0.5183423913043478,0.003708,56,0.0625,0.08333333333333333
wine,7,FedDF,0.96875,0.09161204525906924,0.23847571659695507,31,67,0.24,32,3,severe,0.55,64,1,744,1,0.583889163372859,0.5183423913043478,0.00375,56,0.0625,0.08333333333333333
wine,7,FedMD-1r,0.96875,0.0707023127612365,0.20241783346610756,31,67,0.24,32,3,severe,0.55,64,1,744,3,0.583889163372859,0.5183423913043478,0.230542,264,0.0625,0.08333333333333333
wine,7,FedMD-2r,0.96875,0.06180393052602541,0.18200429681932395,31,67,0.24,32,3,severe,0.55,64,2,1488,3,0.583889163372859,0.5183423913043478,0.226417,264,0.0625,0.08333333333333333
wine,7,FedMD,0.96875,0.05797629598769949,0.17211248278837782,31,67,0.24,32,3,severe,0.55,64,3,2232,3,0.583889163372859,0.5183423913043478,0.226125,264,0.0625,0.08333333333333333
wine,7,centralized reference,0.9375,0.03740647854991813,0.07988449940628342,31,67,0.24,32,3,severe,0.55,64,0,0,1,0.583889163372859,0.5183423913043478,0.003667,56,0.0625,0.08333333333333333
wine,8,best local,0.8125,0.09311423130762075,0.1916515473939046,31,67,0.24,32,3,severe,0.55,64,0,0,1,0.665328557312253,0.5214303359683795,0.109083,104,-0.03125,0.041666666666666664
wine,8,unweighted ensemble,0.9375,0.11131634057183135,0.21379817719754968,31,67,0.24,32,3,severe,0.55,64,1,744,3,0.665328557312253,0.5214303359683795,0.226334,264,-0.03125,0.041666666666666664
wine,8,weighted ensemble,0.875,0.091481704175872,0.12703253077037246,31,67,0.24,32,3,severe,0.55,64,1,744,3,0.665328557312253,0.5214303359683795,0.22475,264,-0.03125,0.041666666666666664
wine,8,hard transfer,0.84375,0.07648005961806076,0.09873131695094593,31,67,0.24,32,3,severe,0.55,64,1,744,1,0.665328557312253,0.5214303359683795,0.003709,56,-0.03125,0.041666666666666664
wine,8,FedDF,0.9375,0.0929347582739435,0.22874039068360313,31,67,0.24,32,3,severe,0.55,64,1,744,1,0.665328557312253,0.5214303359683795,0.003667,56,-0.03125,0.041666666666666664
wine,8,FedMD-1r,0.9375,0.07215674252512687,0.20231117820449868,31,67,0.24,32,3,severe,0.55,64,1,744,3,0.665328557312253,0.5214303359683795,0.228541,264,-0.03125,0.041666666666666664
wine,8,FedMD-2r,0.96875,0.06686769043547218,0.19261015867045783,31,67,0.24,32,3,severe,0.55,64,2,1488,3,0.665328557312253,0.5214303359683795,0.216459,264,-0.03125,0.041666666666666664
wine,8,FedMD,0.96875,0.06427417561373037,0.18694526944604772,31,67,0.24,32,3,severe,0.55,64,3,2232,3,0.665328557312253,0.5214303359683795,0.214958,264,-0.03125,0.041666666666666664
wine,8,centralized reference,1.0,0.01616139474225378,0.06767337525882405,31,67,0.24,32,3,severe,0.55,64,0,0,1,0.665328557312253,0.5214303359683795,0.003709,56,-0.03125,0.041666666666666664
wine,9,best local,0.96875,0.025434455213652285,0.08203959363145909,31,67,0.24,32,3,severe,0.55,64,0,0,1,0.5116341991341992,0.4598834325396825,0.109667,104,0.21875,0.3125
wine,9,unweighted ensemble,1.0,0.12790520652684542,0.35466374553941904,31,67,0.24,32,3,severe,0.55,64,1,744,3,0.5116341991341992,0.4598834325396825,0.214375,264,0.21875,0.3125
wine,9,weighted ensemble,0.96875,0.07254171385392248,0.2516828099166982,31,67,0.24,32,3,severe,0.55,64,1,744,3,0.5116341991341992,0.4598834325396825,0.218541,264,0.21875,0.3125
wine,9,hard transfer,1.0,0.00992734418363828,0.06672844812788023,31,67,0.24,32,3,severe,0.55,64,1,744,1,0.5116341991341992,0.4598834325396825,0.0035,56,0.21875,0.3125
wine,9,FedDF,0.90625,0.17132636074547286,0.30358731165904285,31,67,0.24,32,3,severe,0.55,64,1,744,1,0.5116341991341992,0.4598834325396825,0.003625,56,0.21875,0.3125
wine,9,FedMD-1r,1.0,0.1254738451942352,0.34709727963972076,31,67,0.24,32,3,severe,0.55,64,1,744,3,0.5116341991341992,0.4598834325396825,0.227333,264,0.21875,0.3125
wine,9,FedMD-2r,1.0,0.12163840518999447,0.34007323636485576,31,67,0.24,32,3,severe,0.55,64,2,1488,3,0.5116341991341992,0.4598834325396825,0.225875,264,0.21875,0.3125
wine,9,FedMD,1.0,0.1198265659628803,0.3363670359640005,31,67,0.24,32,3,severe,0.55,64,3,2232,3,0.5116341991341992,0.4598834325396825,0.226083,264,0.21875,0.3125
wine,9,centralized reference,1.0,0.023478810807245103,0.08819558084876272,31,67,0.24,32,3,severe,0.55,64,0,0,1,0.5116341991341992,0.4598834325396825,0.003375,56,0.21875,0.3125
wine,10,best local,0.90625,0.060935937920622046,0.1020120009958168,31,67,0.24,32,3,severe,0.55,64,0,0,1,0.5820087031024531,0.48956078643578643,0.003708,56,0.03125,0.17708333333333334
wine,10,unweighted ensemble,0.96875,0.09583497315777731,0.23787715069479384,31,67,0.24,32,3,severe,0.55,64,1,744,3,0.5820087031024531,0.48956078643578643,0.224708,264,0.03125,0.17708333333333334
wine,10,weighted ensemble,0.96875,0.06285931108519124,0.18765695612827465,31,67,0.24,32,3,severe,0.55,64,1,744,3,0.5820087031024531,0.48956078643578643,0.224083,264,0.03125,0.17708333333333334
wine,10,hard transfer,1.0,0.007683671260899368,0.035731332911422733,31,67,0.24,32,3,severe,0.55,64,1,744,1,0.5820087031024531,0.48956078643578643,0.003625,56,0.03125,0.17708333333333334
wine,10,FedDF,0.96875,0.09628202897282427,0.2502866211151658,31,67,0.24,32,3,severe,0.55,64,1,744,1,0.5820087031024531,0.48956078643578643,0.003625,56,0.03125,0.17708333333333334
wine,10,FedMD-1r,0.9375,0.10032050942936757,0.29404869281687535,31,67,0.24,32,3,severe,0.55,64,1,744,3,0.5820087031024531,0.48956078643578643,0.2245,264,0.03125,0.17708333333333334
wine,10,FedMD-2r,0.90625,0.10363328148282647,0.2993405407021673,31,67,0.24,32,3,severe,0.55,64,2,1488,3,0.5820087031024531,0.48956078643578643,0.211834,264,0.03125,0.17708333333333334
wine,10,FedMD,0.90625,0.10478606230328323,0.300728775690447,31,67,0.24,32,3,severe,0.55,64,3,2232,3,0.5820087031024531,0.48956078643578643,0.207042,264,0.03125,0.17708333333333334
wine,10,centralized reference,1.0,0.01218808567680556,0.050062454001404834,31,67,0.24,32,3,severe,0.55,64,0,0,1,0.5820087031024531,0.48956078643578643,0.003375,56,0.03125,0.17708333333333334
wine,11,best local,0.75,0.18277143718430688,0.20145626891897117,31,67,0.24,32,3,severe,0.55,64,0,0,1,0.622467885375494,0.49213603425559943,0.110333,104,-0.03125,0.020833333333333332
wine,11,unweighted ensemble,0.90625,0.10945132627541575,0.2739197999463527,31,67,0.24,32,3,severe,0.55,64,1,744,3,0.622467885375494,0.49213603425559943,0.211542,264,-0.03125,0.020833333333333332
wine,11,weighted ensemble,0.84375,0.11122516332731044,0.20789975184775364,31,67,0.24,32,3,severe,0.55,64,1,744,3,0.622467885375494,0.49213603425559943,0.218167,264,-0.03125,0.020833333333333332
wine,11,hard transfer,1.0,0.005238682451530483,0.03574825026565227,31,67,0.24,32,3,severe,0.55,64,1,744,1,0.622467885375494,0.49213603425559943,0.003667,56,-0.03125,0.020833333333333332
wine,11,FedDF,1.0,0.09028962942853395,0.28946741093850165,31,67,0.24,32,3,severe,0.55,64,1,744,1,0.622467885375494,0.49213603425559943,0.003584,56,-0.03125,0.020833333333333332
wine,11,FedMD-1r,0.9375,0.08707457940933258,0.25351024703760994,31,67,0.24,32,3,severe,0.55,64,1,744,3,0.622467885375494,0.49213603425559943,0.223416,264,-0.03125,0.020833333333333332
wine,11,FedMD-2r,0.9375,0.07590861587339211,0.2559429292881071,31,67,0.24,32,3,severe,0.55,64,2,1488,3,0.622467885375494,0.49213603425559943,0.223375,264,-0.03125,0.020833333333333332
wine,11,FedMD,0.9375,0.07039556729598076,0.24293978499618174,31,67,0.24,32,3,severe,0.55,64,3,2232,3,0.622467885375494,0.49213603425559943,0.22625,264,-0.03125,0.020833333333333332
wine,11,centralized reference,1.0,0.011703943868137844,0.0479268425932154,31,67,0.24,32,3,severe,0.55,64,0,0,1,0.622467885375494,0.49213603425559943,0.0035,56,-0.03125,0.020833333333333332
ran-5g,0,best local,0.7593984962406015,0.17019760698792763,0.131421901814309,132,287,0.24,133,3,severe,0.55,64,0,0,1,0.6720152839692269,0.5185580272792093,0.196708,104,-0.022556390977443552,0.042606516290726835
ran-5g,0,unweighted ensemble,0.7443609022556391,0.18523982583827478,0.20368809416257447,132,287,0.24,133,3,severe,0.55,64,1,3168,3,0.6720152839692269,0.5185580272792093,0.405334,264,-0.022556390977443552,0.042606516290726835
ran-5g,0,weighted ensemble,0.7218045112781954,0.17286688137365055,0.12352972892389955,132,287,0.24,133,3,severe,0.55,64,1,3168,3,0.6720152839692269,0.5185580272792093,0.40375,264,-0.022556390977443552,0.042606516290726835
ran-5g,0,hard transfer,0.7744360902255639,0.18928477847544245,0.18763072338714723,132,287,0.24,133,3,severe,0.55,64,1,3168,1,0.6720152839692269,0.5185580272792093,0.004167,56,-0.022556390977443552,0.042606516290726835
ran-5g,0,FedDF,0.7744360902255639,0.1879147387306847,0.18569903282968958,132,287,0.24,133,3,severe,0.55,64,1,3168,1,0.6720152839692269,0.5185580272792093,0.004083,56,-0.022556390977443552,0.042606516290726835
ran-5g,0,FedMD-1r,0.8646616541353384,0.14155168730989007,0.30346282031632466,132,287,0.24,133,3,severe,0.55,64,1,3168,3,0.6720152839692269,0.5185580272792093,0.389583,264,-0.022556390977443552,0.042606516290726835
ran-5g,0,FedMD-2r,0.9323308270676691,0.12257847746224147,0.26619289627700216,132,287,0.24,133,3,severe,0.55,64,2,6336,3,0.6720152839692269,0.5185580272792093,0.399625,264,-0.022556390977443552,0.042606516290726835
ran-5g,0,FedMD,0.9548872180451128,0.11284556989807304,0.2638013452794281,132,287,0.24,133,3,severe,0.55,64,3,9504,3,0.6720152839692269,0.5185580272792093,0.396167,264,-0.022556390977443552,0.042606516290726835
ran-5g,0,centralized reference,0.9548872180451128,0.03509402525423102,0.04407770166665369,132,287,0.24,133,3,severe,0.55,64,0,0,1,0.6720152839692269,0.5185580272792093,0.004209,56,-0.022556390977443552,0.042606516290726835
ran-5g,1,best local,0.7593984962406015,0.19015679469653526,0.18073202201372413,132,287,0.24,133,3,severe,0.55,64,0,0,1,0.6414919947287244,0.5018120525687254,0.194334,104,0.007518796992481147,0.03508771929824558
ran-5g,1,unweighted ensemble,0.7518796992481203,0.17578639449372177,0.22764806146850505,132,287,0.24,133,3,severe,0.55,64,1,3168,3,0.6414919947287244,0.5018120525687254,0.404917,264,0.007518796992481147,0.03508771929824558
ran-5g,1,weighted ensemble,0.706766917293233,0.17214749001021354,0.14675915500279646,132,287,0.24,133,3,severe,0.55,64,1,3168,3,0.6414919947287244,0.5018120525687254,0.402959,264,0.007518796992481147,0.03508771929824558
ran-5g,1,hard transfer,0.7744360902255639,0.20638530295186347,0.20457880245945792,132,287,0.24,133,3,severe,0.55,64,1,3168,1,0.6414919947287244,0.5018120525687254,0.004625,56,0.007518796992481147,0.03508771929824558
ran-5g,1,FedDF,0.7518796992481203,0.18757964181121273,0.1873898373643916,132,287,0.24,133,3,severe,0.55,64,1,3168,1,0.6414919947287244,0.5018120525687254,0.004541,56,0.007518796992481147,0.03508771929824558
ran-5g,1,FedMD-1r,0.8421052631578947,0.13844134287012216,0.22981557127261792,132,287,0.24,133,3,severe,0.55,64,1,3168,3,0.6414919947287244,0.5018120525687254,0.389875,264,0.007518796992481147,0.03508771929824558
ran-5g,1,FedMD-2r,0.8721804511278195,0.12006061289344724,0.22330789855244526,132,287,0.24,133,3,severe,0.55,64,2,6336,3,0.6414919947287244,0.5018120525687254,0.399125,264,0.007518796992481147,0.03508771929824558
ran-5g,1,FedMD,0.8796992481203008,0.11159783700001089,0.2074069049363641,132,287,0.24,133,3,severe,0.55,64,3,9504,3,0.6414919947287244,0.5018120525687254,0.406167,264,0.007518796992481147,0.03508771929824558
ran-5g,1,centralized reference,0.9624060150375939,0.03957598747661816,0.073813573775058,132,287,0.24,133,3,severe,0.55,64,0,0,1,0.6414919947287244,0.5018120525687254,0.00425,56,0.007518796992481147,0.03508771929824558
ran-5g,2,best local,0.7969924812030075,0.17585241344231578,0.1498013747604498,132,287,0.24,133,3,severe,0.55,64,0,0,1,0.5668691692032596,0.49654498006550335,0.197125,104,0.03007518796992481,0.07017543859649118
ran-5g,2,unweighted ensemble,0.7969924812030075,0.1653411848960306,0.20847367069202047,132,287,0.24,133,3,severe,0.55,64,1,3168,3,0.5668691692032596,0.49654498006550335,0.397709,264,0.03007518796992481,0.07017543859649118
ran-5g,2,weighted ensemble,0.7293233082706767,0.1581625587909711,0.11623400624786862,132,287,0.24,133,3,severe,0.55,64,1,3168,3,0.5668691692032596,0.49654498006550335,0.398459,264,0.03007518796992481,0.07017543859649118
ran-5g,2,hard transfer,0.7894736842105263,0.18419361877632134,0.19581680646956584,132,287,0.24,133,3,severe,0.55,64,1,3168,1,0.5668691692032596,0.49654498006550335,0.004417,56,0.03007518796992481,0.07017543859649118
ran-5g,2,FedDF,0.7819548872180451,0.17634754806323055,0.1885047427101405,132,287,0.24,133,3,severe,0.55,64,1,3168,1,0.5668691692032596,0.49654498006550335,0.004375,56,0.03007518796992481,0.07017543859649118
ran-5g,2,FedMD-1r,0.8721804511278195,0.12941330957045485,0.24738096691820027,132,287,0.24,133,3,severe,0.55,64,1,3168,3,0.5668691692032596,0.49654498006550335,0.399,264,0.03007518796992481,0.07017543859649118
ran-5g,2,FedMD-2r,0.8947368421052632,0.10831334260241392,0.26032807939583347,132,287,0.24,133,3,severe,0.55,64,2,6336,3,0.5668691692032596,0.49654498006550335,0.395042,264,0.03007518796992481,0.07017543859649118
ran-5g,2,FedMD,0.9097744360902256,0.09641984238804602,0.23363576482718967,132,287,0.24,133,3,severe,0.55,64,3,9504,3,0.5668691692032596,0.49654498006550335,0.40125,264,0.03007518796992481,0.07017543859649118
ran-5g,2,centralized reference,0.9548872180451128,0.03285079636273993,0.053917446682222765,132,287,0.24,133,3,severe,0.55,64,0,0,1,0.5668691692032596,0.49654498006550335,0.0045,56,0.03007518796992481,0.07017543859649118
ran-5g,3,best local,0.7368421052631579,0.22733771276108336,0.2290115635632252,132,287,0.24,133,3,severe,0.55,64,0,0,1,0.681974326261292,0.5086311562429507,0.004375,56,0.007518796992481258,0.04511278195488725
ran-5g,3,unweighted ensemble,0.7593984962406015,0.1850804552168058,0.18663798080408553,132,287,0.24,133,3,severe,0.55,64,1,3168,3,0.681974326261292,0.5086311562429507,0.395125,264,0.007518796992481258,0.04511278195488725
ran-5g,3,weighted ensemble,0.7593984962406015,0.16731897864925324,0.1804021359276168,132,287,0.24,133,3,severe,0.55,64,1,3168,3,0.681974326261292,0.5086311562429507,0.40225,264,0.007518796992481258,0.04511278195488725
ran-5g,3,hard transfer,0.8045112781954887,0.16714500246146857,0.1509912877308463,132,287,0.24,133,3,severe,0.55,64,1,3168,1,0.681974326261292,0.5086311562429507,0.004542,56,0.007518796992481258,0.04511278195488725
ran-5g,3,FedDF,0.7969924812030075,0.18525807729223115,0.2079870262933154,132,287,0.24,133,3,severe,0.55,64,1,3168,1,0.681974326261292,0.5086311562429507,0.004416,56,0.007518796992481258,0.04511278195488725
ran-5g,3,FedMD-1r,0.9097744360902256,0.1385182769779539,0.26237681354545483,132,287,0.24,133,3,severe,0.55,64,1,3168,3,0.681974326261292,0.5086311562429507,0.403542,264,0.007518796992481258,0.04511278195488725
ran-5g,3,FedMD-2r,0.9323308270676691,0.12387449696809831,0.26541700926967243,132,287,0.24,133,3,severe,0.55,64,2,6336,3,0.681974326261292,0.5086311562429507,0.395667,264,0.007518796992481258,0.04511278195488725
ran-5g,3,FedMD,0.9398496240601504,0.11802022168224541,0.26347476785561713,132,287,0.24,133,3,severe,0.55,64,3,9504,3,0.681974326261292,0.5086311562429507,0.402959,264,0.007518796992481258,0.04511278195488725
ran-5g,3,centralized reference,0.9699248120300752,0.03025631451983476,0.06630506943122344,132,287,0.24,133,3,severe,0.55,64,0,0,1,0.681974326261292,0.5086311562429507,0.0045,56,0.007518796992481258,0.04511278195488725
ran-5g,4,best local,0.7744360902255639,0.2018911346608617,0.1994876182095918,132,287,0.24,133,3,severe,0.55,64,0,0,1,0.5781564657257179,0.5316069779712439,0.197416,104,-0.045112781954887216,0.03258145363408519
ran-5g,4,unweighted ensemble,0.7669172932330827,0.18492751069423038,0.09790900074043703,132,287,0.24,133,3,severe,0.55,64,1,3168,3,0.5781564657257179,0.5316069779712439,0.401,264,-0.045112781954887216,0.03258145363408519
ran-5g,4,weighted ensemble,0.7593984962406015,0.19499535016901107,0.14523763984924296,132,287,0.24,133,3,severe,0.55,64,1,3168,3,0.5781564657257179,0.5316069779712439,0.384625,264,-0.045112781954887216,0.03258145363408519
ran-5g,4,hard transfer,0.7593984962406015,0.23333190298964868,0.24547608216434058,132,287,0.24,133,3,severe,0.55,64,1,3168,1,0.5781564657257179,0.5316069779712439,0.004166,56,-0.045112781954887216,0.03258145363408519
ran-5g,4,FedDF,0.7142857142857143,0.19452704163759674,0.21174011996602574,132,287,0.24,133,3,severe,0.55,64,1,3168,1,0.5781564657257179,0.5316069779712439,0.004417,56,-0.045112781954887216,0.03258145363408519
ran-5g,4,FedMD-1r,0.7969924812030075,0.16025774788523708,0.21177387265490216,132,287,0.24,133,3,severe,0.55,64,1,3168,3,0.5781564657257179,0.5316069779712439,0.397583,264,-0.045112781954887216,0.03258145363408519
ran-5g,4,FedMD-2r,0.8345864661654135,0.1469067276968423,0.27037391400392086,132,287,0.24,133,3,severe,0.55,64,2,6336,3,0.5781564657257179,0.5316069779712439,0.398166,264,-0.045112781954887216,0.03258145363408519
ran-5g,4,FedMD,0.8721804511278195,0.1405893147865788,0.2672408961942285,132,287,0.24,133,3,severe,0.55,64,3,9504,3,0.5781564657257179,0.5316069779712439,0.398542,264,-0.045112781954887216,0.03258145363408519
ran-5g,4,centralized reference,0.9398496240601504,0.04510326552429308,0.061336350220426446,132,287,0.24,133,3,severe,0.55,64,0,0,1,0.5781564657257179,0.5316069779712439,0.0045,56,-0.045112781954887216,0.03258145363408519
ran-5g,5,best local,0.7744360902255639,0.1998886146637095,0.1969662237643094,132,287,0.24,133,3,severe,0.55,64,0,0,1,0.6819199477911712,0.4736977765115428,0.004833,56,0.045112781954887216,0.11278195488721805
ran-5g,5,unweighted ensemble,0.8345864661654135,0.15970459078016327,0.20249550192789767,132,287,0.24,133,3,severe,0.55,64,1,3168,3,0.6819199477911712,0.4736977765115428,0.403666,264,0.045112781954887216,0.11278195488721805
ran-5g,5,weighted ensemble,0.7744360902255639,0.14029375828757448,0.16078630868211666,132,287,0.24,133,3,severe,0.55,64,1,3168,3,0.6819199477911712,0.4736977765115428,0.402916,264,0.045112781954887216,0.11278195488721805
ran-5g,5,hard transfer,0.8872180451127819,0.06759524826477376,0.05176285775298847,132,287,0.24,133,3,severe,0.55,64,1,3168,1,0.6819199477911712,0.4736977765115428,0.004667,56,0.045112781954887216,0.11278195488721805
ran-5g,5,FedDF,0.8646616541353384,0.1604111502699984,0.24193861234713654,132,287,0.24,133,3,severe,0.55,64,1,3168,1,0.6819199477911712,0.4736977765115428,0.004667,56,0.045112781954887216,0.11278195488721805
ran-5g,5,FedMD-1r,0.9323308270676691,0.12303001553330828,0.2626650746740285,132,287,0.24,133,3,severe,0.55,64,1,3168,3,0.6819199477911712,0.4736977765115428,0.405792,264,0.045112781954887216,0.11278195488721805
ran-5g,5,FedMD-2r,0.9323308270676691,0.10919748111851676,0.24018199964400028,132,287,0.24,133,3,severe,0.55,64,2,6336,3,0.6819199477911712,0.4736977765115428,0.406917,264,0.045112781954887216,0.11278195488721805
ran-5g,5,FedMD,0.9398496240601504,0.10332076956094352,0.2371782853517175,132,287,0.24,133,3,severe,0.55,64,3,9504,3,0.6819199477911712,0.4736977765115428,0.398708,264,0.045112781954887216,0.11278195488721805
ran-5g,5,centralized reference,0.9473684210526315,0.04448148472118949,0.056653421462355885,132,287,0.24,133,3,severe,0.55,64,0,0,1,0.6819199477911712,0.4736977765115428,0.0045,56,0.045112781954887216,0.11278195488721805
ran-5g,6,best local,0.8045112781954887,0.17160216063621608,0.1758455952892844,132,287,0.24,133,3,severe,0.55,64,0,0,1,0.6421519349573025,0.47649770652961276,0.203667,104,0.052631578947368474,0.1328320802005013
ran-5g,6,unweighted ensemble,0.8045112781954887,0.17520543013284814,0.21209905242082572,132,287,0.24,133,3,severe,0.55,64,1,3168,3,0.6421519349573025,0.47649770652961276,0.4145,264,0.052631578947368474,0.1328320802005013
ran-5g,6,weighted ensemble,0.7744360902255639,0.15881085142301388,0.14996068848037558,132,287,0.24,133,3,severe,0.55,64,1,3168,3,0.6421519349573025,0.47649770652961276,0.41625,264,0.052631578947368474,0.1328320802005013
ran-5g,6,hard transfer,0.8195488721804511,0.14447768673810532,0.16001906368601004,132,287,0.24,133,3,severe,0.55,64,1,3168,1,0.6421519349573025,0.47649770652961276,0.004792,56,0.052631578947368474,0.1328320802005013
ran-5g,6,FedDF,0.8195488721804511,0.17274916218040093,0.23426398429030992,132,287,0.24,133,3,severe,0.55,64,1,3168,1,0.6421519349573025,0.47649770652961276,0.004583,56,0.052631578947368474,0.1328320802005013
ran-5g,6,FedMD-1r,0.8947368421052632,0.1254258855170443,0.23104577088122777,132,287,0.24,133,3,severe,0.55,64,1,3168,3,0.6421519349573025,0.47649770652961276,0.409042,264,0.052631578947368474,0.1328320802005013
ran-5g,6,FedMD-2r,0.9172932330827067,0.10634744448310908,0.2439655803588629,132,287,0.24,133,3,severe,0.55,64,2,6336,3,0.6421519349573025,0.47649770652961276,0.409125,264,0.052631578947368474,0.1328320802005013
ran-5g,6,FedMD,0.9172932330827067,0.09753700565424506,0.22647124411704653,132,287,0.24,133,3,severe,0.55,64,3,9504,3,0.6421519349573025,0.47649770652961276,0.402416,264,0.052631578947368474,0.1328320802005013
ran-5g,6,centralized reference,0.9473684210526315,0.040758970473215236,0.027192058086124796,132,287,0.24,133,3,severe,0.55,64,0,0,1,0.6421519349573025,0.47649770652961276,0.00575,56,0.052631578947368474,0.1328320802005013
ran-5g,7,best local,0.7443609022556391,0.1989240097435941,0.19962789283229992,132,287,0.24,133,3,severe,0.55,64,0,0,1,0.6175856822816712,0.4943502052271865,0.203041,104,-0.052631578947368474,-0.020050125313283245
ran-5g,7,unweighted ensemble,0.7518796992481203,0.17874017471399148,0.18128876810190417,132,287,0.24,133,3,severe,0.55,64,1,3168,3,0.6175856822816712,0.4943502052271865,0.404291,264,-0.052631578947368474,-0.020050125313283245
ran-5g,7,weighted ensemble,0.7218045112781954,0.18394526193161972,0.13152768999523953,132,287,0.24,133,3,severe,0.55,64,1,3168,3,0.6175856822816712,0.4943502052271865,0.408667,264,-0.052631578947368474,-0.020050125313283245
ran-5g,7,hard transfer,0.7368421052631579,0.23491637054274192,0.24925244378082115,132,287,0.24,133,3,severe,0.55,64,1,3168,1,0.6175856822816712,0.4943502052271865,0.004708,56,-0.052631578947368474,-0.020050125313283245
ran-5g,7,FedDF,0.7518796992481203,0.17925822303255495,0.24366536720280937,132,287,0.24,133,3,severe,0.55,64,1,3168,1,0.6175856822816712,0.4943502052271865,0.004417,56,-0.052631578947368474,-0.020050125313283245
ran-5g,7,FedMD-1r,0.8421052631578947,0.13320644856437777,0.25074422803669427,132,287,0.24,133,3,severe,0.55,64,1,3168,3,0.6175856822816712,0.4943502052271865,0.40475,264,-0.052631578947368474,-0.020050125313283245
ran-5g,7,FedMD-2r,0.8796992481203008,0.11597564513483878,0.19731180379692795,132,287,0.24,133,3,severe,0.55,64,2,6336,3,0.6175856822816712,0.4943502052271865,0.402041,264,-0.052631578947368474,-0.020050125313283245
ran-5g,7,FedMD,0.8872180451127819,0.10768160213751024,0.18173591103456246,132,287,0.24,133,3,severe,0.55,64,3,9504,3,0.6175856822816712,0.4943502052271865,0.411375,264,-0.052631578947368474,-0.020050125313283245
ran-5g,7,centralized reference,0.9323308270676691,0.055755781266484644,0.02712755293794597,132,287,0.24,133,3,severe,0.55,64,0,0,1,0.6175856822816712,0.4943502052271865,0.004625,56,-0.052631578947368474,-0.020050125313283245
ran-5g,8,best local,0.8872180451127819,0.08022966893032563,0.08807355217903712,132,287,0.24,133,3,severe,0.55,64,0,0,1,0.671494983483055,0.46617282357388684,0.19875,104,0.007518796992481258,0.10526315789473688
ran-5g,8,unweighted ensemble,0.8796992481203008,0.14081326284762188,0.23535833956652552,132,287,0.24,133,3,severe,0.55,64,1,3168,3,0.671494983483055,0.46617282357388684,0.407875,264,0.007518796992481258,0.10526315789473688
ran-5g,8,weighted ensemble,0.8721804511278195,0.10332980855921083,0.2024300661286709,132,287,0.24,133,3,severe,0.55,64,1,3168,3,0.671494983483055,0.46617282357388684,0.41075,264,0.007518796992481258,0.10526315789473688
ran-5g,8,hard transfer,0.8796992481203008,0.08600583975897082,0.08342422950657795,132,287,0.24,133,3,severe,0.55,64,1,3168,1,0.671494983483055,0.46617282357388684,0.004584,56,0.007518796992481258,0.10526315789473688
ran-5g,8,FedDF,0.8646616541353384,0.14859692140774908,0.2527528835157622,132,287,0.24,133,3,severe,0.55,64,1,3168,1,0.671494983483055,0.46617282357388684,0.004542,56,0.007518796992481258,0.10526315789473688
ran-5g,8,FedMD-1r,0.924812030075188,0.11382227051660533,0.23122778721685114,132,287,0.24,133,3,severe,0.55,64,1,3168,3,0.671494983483055,0.46617282357388684,0.414208,264,0.007518796992481258,0.10526315789473688
ran-5g,8,FedMD-2r,0.9398496240601504,0.09966433024231433,0.2182165991055084,132,287,0.24,133,3,severe,0.55,64,2,6336,3,0.671494983483055,0.46617282357388684,0.408459,264,0.007518796992481258,0.10526315789473688
ran-5g,8,FedMD,0.9398496240601504,0.09244917169697363,0.20375641697174324,132,287,0.24,133,3,severe,0.55,64,3,9504,3,0.671494983483055,0.46617282357388684,0.397375,264,0.007518796992481258,0.10526315789473688
ran-5g,8,centralized reference,0.9699248120300752,0.03196456957058828,0.05220742404521972,132,287,0.24,133,3,severe,0.55,64,0,0,1,0.671494983483055,0.46617282357388684,0.004417,56,0.007518796992481258,0.10526315789473688
ran-5g,9,best local,0.8195488721804511,0.10249116350194101,0.11176416579838866,132,287,0.24,133,3,severe,0.55,64,0,0,1,0.6815589746190437,0.4856953757960009,0.196417,104,0.12030075187969924,0.13784461152882208
ran-5g,9,unweighted ensemble,0.8796992481203008,0.14706426205027714,0.22419386650038192,132,287,0.24,133,3,severe,0.55,64,1,3168,3,0.6815589746190437,0.4856953757960009,0.399042,264,0.12030075187969924,0.13784461152882208
ran-5g,9,weighted ensemble,0.8571428571428571,0.11518985097730787,0.15774374726231447,132,287,0.24,133,3,severe,0.55,64,1,3168,3,0.6815589746190437,0.4856953757960009,0.405625,264,0.12030075187969924,0.13784461152882208
ran-5g,9,hard transfer,0.9097744360902256,0.07116565673140038,0.0763134543204443,132,287,0.24,133,3,severe,0.55,64,1,3168,1,0.6815589746190437,0.4856953757960009,0.004666,56,0.12030075187969924,0.13784461152882208
ran-5g,9,FedDF,0.8947368421052632,0.1519321863807044,0.25575747221711975,132,287,0.24,133,3,severe,0.55,64,1,3168,1,0.6815589746190437,0.4856953757960009,0.0045,56,0.12030075187969924,0.13784461152882208
ran-5g,9,FedMD-1r,0.9398496240601504,0.1209093384461431,0.25445803721165033,132,287,0.24,133,3,severe,0.55,64,1,3168,3,0.6815589746190437,0.4856953757960009,0.403917,264,0.12030075187969924,0.13784461152882208
ran-5g,9,FedMD-2r,0.9398496240601504,0.10920061575812058,0.2319839543016118,132,287,0.24,133,3,severe,0.55,64,2,6336,3,0.6815589746190437,0.4856953757960009,0.406958,264,0.12030075187969924,0.13784461152882208
ran-5g,9,FedMD,0.9398496240601504,0.10332701236885,0.2197141028394244,132,287,0.24,133,3,severe,0.55,64,3,9504,3,0.6815589746190437,0.4856953757960009,0.396334,264,0.12030075187969924,0.13784461152882208
ran-5g,9,centralized reference,0.924812030075188,0.056778022102520205,0.043694979262704776,132,287,0.24,133,3,severe,0.55,64,0,0,1,0.6815589746190437,0.4856953757960009,0.004333,56,0.12030075187969924,0.13784461152882208
ran-5g,10,best local,0.8796992481203008,0.08711578323665879,0.09407979227191512,132,287,0.24,133,3,severe,0.55,64,0,0,1,0.7166535828494246,0.49811213481902455,0.198167,104,-0.052631578947368474,0.05012531328320798
ran-5g,10,unweighted ensemble,0.8721804511278195,0.1270932383029227,0.22977699628625856,132,287,0.24,133,3,severe,0.55,64,1,3168,3,0.7166535828494246,0.49811213481902455,0.402875,264,-0.052631578947368474,0.05012531328320798
ran-5g,10,weighted ensemble,0.8646616541353384,0.1005584203445592,0.16243135880388773,132,287,0.24,133,3,severe,0.55,64,1,3168,3,0.7166535828494246,0.49811213481902455,0.402666,264,-0.052631578947368474,0.05012531328320798
ran-5g,10,hard transfer,0.9398496240601504,0.0615229382021561,0.08361253606822491,132,287,0.24,133,3,severe,0.55,64,1,3168,1,0.7166535828494246,0.49811213481902455,0.00475,56,-0.052631578947368474,0.05012531328320798
ran-5g,10,FedDF,0.8947368421052632,0.12634406221287478,0.24853147677598805,132,287,0.24,133,3,severe,0.55,64,1,3168,1,0.7166535828494246,0.49811213481902455,0.004625,56,-0.052631578947368474,0.05012531328320798
ran-5g,10,FedMD-1r,0.9323308270676691,0.09488652978281858,0.2081648317822414,132,287,0.24,133,3,severe,0.55,64,1,3168,3,0.7166535828494246,0.49811213481902455,0.407375,264,-0.052631578947368474,0.05012531328320798
ran-5g,10,FedMD-2r,0.9398496240601504,0.08027777617036679,0.18427366481283522,132,287,0.24,133,3,severe,0.55,64,2,6336,3,0.7166535828494246,0.49811213481902455,0.387541,264,-0.052631578947368474,0.05012531328320798
ran-5g,10,FedMD,0.9398496240601504,0.07249869901859719,0.17621177540425564,132,287,0.24,133,3,severe,0.55,64,3,9504,3,0.7166535828494246,0.49811213481902455,0.396292,264,-0.052631578947368474,0.05012531328320798
ran-5g,10,centralized reference,0.9473684210526315,0.03848267436097742,0.048315306862390404,132,287,0.24,133,3,severe,0.55,64,0,0,1,0.7166535828494246,0.49811213481902455,0.004584,56,-0.052631578947368474,0.05012531328320798
ran-5g,11,best local,0.7518796992481203,0.18041962783068347,0.16211366711311606,132,287,0.24,133,3,severe,0.55,64,0,0,1,0.6389832895923365,0.5251202934678217,0.205583,104,-0.007518796992481258,0.030075187969924772
ran-5g,11,unweighted ensemble,0.7368421052631579,0.19311911945831503,0.16515288375190965,132,287,0.24,133,3,severe,0.55,64,1,3168,3,0.6389832895923365,0.5251202934678217,0.42075,264,-0.007518796992481258,0.030075187969924772
ran-5g,11,weighted ensemble,0.7142857142857143,0.18685077820173734,0.11238753257843381,132,287,0.24,133,3,severe,0.55,64,1,3168,3,0.6389832895923365,0.5251202934678217,0.398708,264,-0.007518796992481258,0.030075187969924772
ran-5g,11,hard transfer,0.7218045112781954,0.2524062248895135,0.24182701770934123,132,287,0.24,133,3,severe,0.55,64,1,3168,1,0.6389832895923365,0.5251202934678217,0.004583,56,-0.007518796992481258,0.030075187969924772
ran-5g,11,FedDF,0.7744360902255639,0.1927881677362723,0.13606720067862985,132,287,0.24,133,3,severe,0.55,64,1,3168,1,0.6389832895923365,0.5251202934678217,0.004375,56,-0.007518796992481258,0.030075187969924772
ran-5g,11,FedMD-1r,0.8421052631578947,0.15123230164732204,0.19253906020897185,132,287,0.24,133,3,severe,0.55,64,1,3168,3,0.6389832895923365,0.5251202934678217,0.396459,264,-0.007518796992481258,0.030075187969924772
ran-5g,11,FedMD-2r,0.8872180451127819,0.1300099344844316,0.18775050768717527,132,287,0.24,133,3,severe,0.55,64,2,6336,3,0.6389832895923365,0.5251202934678217,0.398041,264,-0.007518796992481258,0.030075187969924772
ran-5g,11,FedMD,0.8872180451127819,0.11953547956865282,0.15437960927231356,132,287,0.24,133,3,severe,0.55,64,3,9504,3,0.6389832895923365,0.5251202934678217,0.396333,264,-0.007518796992481258,0.030075187969924772
ran-5g,11,centralized reference,0.9172932330827067,0.06453014753786636,0.04401755792370776,132,287,0.24,133,3,severe,0.55,64,0,0,1,0.6389832895923365,0.5251202934678217,0.0045,56,-0.007518796992481258,0.030075187969924772
