n,seed,event,changed,scope,scope_fraction,runtime_ms,edges
1000,0,0,4,22,0.022,0.004875,2990
1000,0,1,4,24,0.024,0.0025,2990
1000,0,2,4,27,0.027,0.002041,2990
1000,0,3,4,25,0.025,0.001916,2990
1000,0,4,4,25,0.025,0.001834,2990
1000,0,5,4,27,0.027,0.001709,2990
1000,0,6,4,32,0.032,0.001625,2990
1000,0,7,4,28,0.028,0.001584,2990
1000,0,8,4,27,0.027,0.00175,2990
1000,0,9,4,23,0.023,0.001792,2990
1000,1,0,4,29,0.029,0.002167,2986
1000,1,1,4,29,0.029,0.002125,2986
1000,1,2,4,27,0.027,0.001875,2986
1000,1,3,4,27,0.027,0.001875,2986
1000,1,4,4,32,0.032,0.001791,2986
1000,1,5,4,33,0.033,0.001833,2986
1000,1,6,4,26,0.026,0.001708,2986
1000,1,7,4,30,0.03,0.001708,2986
1000,1,8,4,27,0.027,0.001708,2986
1000,1,9,4,35,0.035,0.00175,2986
1000,2,0,4,25,0.025,0.002083,2992
1000,2,1,4,26,0.026,0.001791,2992
1000,2,2,4,26,0.026,0.001833,2992
1000,2,3,4,29,0.029,0.001667,2992
1000,2,4,4,23,0.023,0.001792,2992
1000,2,5,4,30,0.03,0.00175,2992
1000,2,6,4,27,0.027,0.001667,2992
1000,2,7,4,28,0.028,0.001709,2992
1000,2,8,4,30,0.03,0.001542,2992
1000,2,9,4,25,0.025,0.001542,2992
1000,3,0,4,31,0.031,0.002,2993
1000,3,1,4,28,0.028,0.001792,2993
1000,3,2,4,26,0.026,0.001708,2993
1000,3,3,4,29,0.029,0.001666,2993
1000,3,4,4,25,0.025,0.001708,2993
1000,3,5,4,31,0.031,0.001667,2993
1000,3,6,4,30,0.03,0.001708,2993
1000,3,7,4,28,0.028,0.001625,2993
1000,3,8,4,27,0.027,0.001625,2993
1000,3,9,4,25,0.025,0.00175,2993
1000,4,0,4,26,0.026,0.002,2989
1000,4,1,4,28,0.028,0.001916,2989
1000,4,2,4,24,0.024,0.00175,2989
1000,4,3,4,23,0.023,0.001708,2989
1000,4,4,4,26,0.026,0.001417,2989
1000,4,5,4,29,0.029,0.001667,2989
1000,4,6,4,27,0.027,0.001709,2989
1000,4,7,4,29,0.029,0.001667,2989
1000,4,8,4,22,0.022,0.001584,2989
1000,4,9,4,25,0.025,0.001584,2989
1000,5,0,4,25,0.025,0.001875,2989
1000,5,1,4,23,0.023,0.00175,2989
1000,5,2,4,30,0.03,0.00175,2989
1000,5,3,4,33,0.033,0.001875,2989
1000,5,4,4,21,0.021,0.001542,2989
1000,5,5,4,25,0.025,0.001583,2989
1000,5,6,4,24,0.024,0.001583,2989
1000,5,7,4,29,0.029,0.001667,2989
1000,5,8,4,28,0.028,0.0015,2989
1000,5,9,4,30,0.03,0.001542,2989
1000,6,0,4,27,0.027,0.003125,2985
1000,6,1,4,28,0.028,0.002084,2985
1000,6,2,4,26,0.026,0.001791,2985
1000,6,3,4,35,0.035,0.00175,2985
1000,6,4,4,24,0.024,0.001666,2985
1000,6,5,4,26,0.026,0.001625,2985
1000,6,6,4,23,0.023,0.0015,2985
1000,6,7,4,26,0.026,0.001417,2985
1000,6,8,4,27,0.027,0.0015,2985
1000,6,9,4,26,0.026,0.0015,2985
1000,7,0,4,27,0.027,0.002166,2993
1000,7,1,4,28,0.028,0.001958,2993
1000,7,2,4,30,0.03,0.001791,2993
1000,7,3,4,27,0.027,0.001917,2993
1000,7,4,4,28,0.028,0.001625,2993
1000,7,5,4,25,0.025,0.001625,2993
1000,7,6,4,30,0.03,0.001708,2993
1000,7,7,4,29,0.029,0.001709,2993
1000,7,8,4,26,0.026,0.001542,2993
1000,7,9,4,24,0.024,0.001625,2993
1000,8,0,4,30,0.03,0.001917,2989
1000,8,1,4,24,0.024,0.001792,2989
1000,8,2,4,31,0.031,0.001709,2989
1000,8,3,4,29,0.029,0.001833,2989
1000,8,4,4,24,0.024,0.001667,2989
1000,8,5,4,31,0.031,0.001625,2989
1000,8,6,4,28,0.028,0.001584,2989
1000,8,7,4,25,0.025,0.001542,2989
1000,8,8,4,25,0.025,0.001583,2989
1000,8,9,4,28,0.028,0.001625,2989
1000,9,0,4,25,0.025,0.002,2989
1000,9,1,4,24,0.024,0.001708,2989
1000,9,2,4,25,0.025,0.001625,2989
1000,9,3,4,28,0.028,0.001583,2989
1000,9,4,4,27,0.027,0.001708,2989
1000,9,5,4,27,0.027,0.001625,2989
1000,9,6,4,30,0.03,0.001625,2989
1000,9,7,4,34,0.034,0.00175,2989
1000,9,8,4,28,0.028,0.001625,2989
1000,9,9,4,23,0.023,0.001541,2989
1000,10,0,4,24,0.024,0.001791,2995
1000,10,1,4,28,0.028,0.001792,2995
1000,10,2,4,30,0.03,0.00175,2995
1000,10,3,4,30,0.03,0.001791,2995
1000,10,4,4,25,0.025,0.001583,2995
1000,10,5,4,25,0.025,0.001625,2995
1000,10,6,4,29,0.029,0.001709,2995
1000,10,7,4,30,0.03,0.001584,2995
1000,10,8,4,29,0.029,0.00175,2995
1000,10,9,4,29,0.029,0.001584,2995
1000,11,0,4,28,0.028,0.001958,2989
1000,11,1,4,27,0.027,0.00175,2989
1000,11,2,4,37,0.037,0.002333,2989
1000,11,3,4,30,0.03,0.002,2989
1000,11,4,4,22,0.022,0.001583,2989
1000,11,5,4,30,0.03,0.001625,2989
1000,11,6,4,26,0.026,0.001625,2989
1000,11,7,4,31,0.031,0.001667,2989
1000,11,8,4,24,0.024,0.001625,2989
1000,11,9,4,28,0.028,0.001542,2989
1000,12,0,4,25,0.025,0.002042,2988
1000,12,1,4,31,0.031,0.001834,2988
1000,12,2,4,23,0.023,0.001666,2988
1000,12,3,4,28,0.028,0.001584,2988
1000,12,4,4,31,0.031,0.001708,2988
1000,12,5,4,24,0.024,0.001542,2988
1000,12,6,4,26,0.026,0.0015,2988
1000,12,7,4,25,0.025,0.001584,2988
1000,12,8,4,25,0.025,0.001459,2988
1000,12,9,4,31,0.031,0.00175,2988
1000,13,0,4,24,0.024,0.002,2994
1000,13,1,4,29,0.029,0.004167,2994
1000,13,2,4,27,0.027,0.002291,2994
1000,13,3,4,24,0.024,0.002041,2994
1000,13,4,4,26,0.026,0.00175,2994
1000,13,5,4,22,0.022,0.001667,2994
1000,13,6,4,29,0.029,0.001917,2994
1000,13,7,4,28,0.028,0.001791,2994
1000,13,8,4,28,0.028,0.001709,2994
1000,13,9,4,25,0.025,0.001667,2994
1000,14,0,4,28,0.028,0.002125,2996
1000,14,1,4,28,0.028,0.001791,2996
1000,14,2,4,30,0.03,0.00175,2996
1000,14,3,4,25,0.025,0.001833,2996
1000,14,4,4,26,0.026,0.0015,2996
1000,14,5,4,22,0.022,0.0015,2996
1000,14,6,4,30,0.03,0.0015,2996
1000,14,7,4,30,0.03,0.001542,2996
1000,14,8,4,21,0.021,0.001458,2996
1000,14,9,4,23,0.023,0.001542,2996
1000,15,0,4,27,0.027,0.002,2990
1000,15,1,4,26,0.026,0.00175,2990
1000,15,2,4,27,0.027,0.001708,2990
1000,15,3,4,29,0.029,0.00175,2990
1000,15,4,4,25,0.025,0.001625,2990
1000,15,5,4,30,0.03,0.001583,2990
1000,15,6,4,30,0.03,0.010042,2990
1000,15,7,4,29,0.029,0.001625,2990
1000,15,8,4,27,0.027,0.001708,2990
1000,15,9,4,31,0.031,0.001708,2990
1000,16,0,4,27,0.027,0.001875,2987
1000,16,1,4,26,0.026,0.00175,2987
1000,16,2,4,24,0.024,0.001584,2987
1000,16,3,4,27,0.027,0.001625,2987
1000,16,4,4,31,0.031,0.00175,2987
1000,16,5,4,29,0.029,0.001708,2987
1000,16,6,4,24,0.024,0.001708,2987
1000,16,7,4,26,0.026,0.001542,2987
1000,16,8,4,33,0.033,0.001958,2987
1000,16,9,4,29,0.029,0.001667,2987
1000,17,0,4,31,0.031,0.001958,2991
1000,17,1,4,30,0.03,0.002,2991
1000,17,2,4,33,0.033,0.00175,2991
1000,17,3,4,27,0.027,0.00175,2991
1000,17,4,4,27,0.027,0.001667,2991
1000,17,5,4,33,0.033,0.001667,2991
1000,17,6,4,28,0.028,0.001625,2991
1000,17,7,4,26,0.026,0.001625,2991
1000,17,8,4,24,0.024,0.0015,2991
1000,17,9,4,29,0.029,0.001583,2991
1000,18,0,4,28,0.028,0.001917,2986
1000,18,1,4,28,0.028,0.001833,2986
1000,18,2,4,28,0.028,0.001708,2986
1000,18,3,4,27,0.027,0.001666,2986
1000,18,4,4,27,0.027,0.001666,2986
1000,18,5,4,27,0.027,0.001709,2986
1000,18,6,4,29,0.029,0.00175,2986
1000,18,7,4,25,0.025,0.001583,2986
1000,18,8,4,23,0.023,0.001584,2986
1000,18,9,4,24,0.024,0.001583,2986
1000,19,0,4,27,0.027,0.001833,2996
1000,19,1,4,30,0.03,0.00175,2996
1000,19,2,4,27,0.027,0.002,2996
1000,19,3,4,26,0.026,0.00175,2996
1000,19,4,4,26,0.026,0.001708,2996
1000,19,5,4,30,0.03,0.001583,2996
1000,19,6,4,27,0.027,0.001584,2996
1000,19,7,4,26,0.026,0.001458,2996
1000,19,8,4,26,0.026,0.001667,2996
1000,19,9,4,25,0.025,0.001583,2996
5000,0,0,5,35,0.007,0.003791,14993
5000,0,1,5,39,0.0078,0.002875,14993
5000,0,2,5,41,0.0082,0.002959,14993
5000,0,3,5,32,0.0064,0.002,14993
5000,0,4,5,32,0.0064,0.001959,14993
5000,0,5,5,36,0.0072,0.001958,14993
5000,0,6,5,32,0.0064,0.001958,14993
5000,0,7,5,38,0.0076,0.002208,14993
5000,0,8,5,33,0.0066,0.001917,14993
5000,0,9,5,31,0.0062,0.002,14993
5000,1,0,5,33,0.0066,0.003542,14991
5000,1,1,5,29,0.0058,0.002375,14991
5000,1,2,5,33,0.0066,0.002416,14991
5000,1,3,5,35,0.007,0.002041,14991
5000,1,4,5,32,0.0064,0.001833,14991
5000,1,5,5,35,0.007,0.001834,14991
5000,1,6,5,42,0.0084,0.002125,14991
5000,1,7,5,29,0.0058,0.001709,14991
5000,1,8,5,35,0.007,0.001791,14991
5000,1,9,5,29,0.0058,0.00175,14991
5000,2,0,5,34,0.0068,0.002541,14993
5000,2,1,5,31,0.0062,0.002209,14993
5000,2,2,5,32,0.0064,0.002,14993
5000,2,3,5,32,0.0064,0.002,14993
5000,2,4,5,31,0.0062,0.001875,14993
5000,2,5,5,33,0.0066,0.002,14993
5000,2,6,5,38,0.0076,0.002166,14993
5000,2,7,5,31,0.0062,0.001917,14993
5000,2,8,5,39,0.0078,0.00225,14993
5000,2,9,5,38,0.0076,0.002125,14993
5000,3,0,5,32,0.0064,0.003833,14985
5000,3,1,5,30,0.006,0.0025,14985
5000,3,2,5,30,0.006,0.002084,14985
5000,3,3,5,33,0.0066,0.001917,14985
5000,3,4,5,33,0.0066,0.001791,14985
5000,3,5,5,33,0.0066,0.001834,14985
5000,3,6,5,36,0.0072,0.001875,14985
5000,3,7,5,38,0.0076,0.00225,14985
5000,3,8,5,32,0.0064,0.002,14985
5000,3,9,5,36,0.0072,0.001791,14985
5000,4,0,5,35,0.007,0.002666,14986
5000,4,1,5,32,0.0064,0.002042,14986
5000,4,2,5,35,0.007,0.001958,14986
5000,4,3,5,35,0.007,0.001959,14986
5000,4,4,5,34,0.0068,0.001708,14986
5000,4,5,5,31,0.0062,0.001666,14986
5000,4,6,5,28,0.0056,0.001459,14986
5000,4,7,5,35,0.007,0.001792,14986
5000,4,8,5,35,0.007,0.001792,14986
5000,4,9,5,38,0.0076,0.002292,14986
5000,5,0,5,34,0.0068,0.004417,14992
5000,5,1,5,31,0.0062,0.002166,14992
5000,5,2,5,33,0.0066,0.002125,14992
5000,5,3,5,34,0.0068,0.001958,14992
5000,5,4,5,37,0.0074,0.002084,14992
5000,5,5,5,36,0.0072,0.001917,14992
5000,5,6,5,35,0.007,0.001833,14992
5000,5,7,5,34,0.0068,0.001917,14992
5000,5,8,5,35,0.007,0.001834,14992
5000,5,9,5,33,0.0066,0.001917,14992
5000,6,0,5,40,0.008,0.004042,14988
5000,6,1,5,36,0.0072,0.002625,14988
5000,6,2,5,34,0.0068,0.002166,14988
5000,6,3,5,32,0.0064,0.001917,14988
5000,6,4,5,32,0.0064,0.001916,14988
5000,6,5,5,33,0.0066,0.002,14988
5000,6,6,5,32,0.0064,0.002042,14988
5000,6,7,5,35,0.007,0.002125,14988
5000,6,8,5,32,0.0064,0.00225,14988
5000,6,9,5,37,0.0074,0.001875,14988
5000,7,0,5,37,0.0074,0.00275,14991
5000,7,1,5,37,0.0074,0.002083,14991
5000,7,2,5,37,0.0074,0.002125,14991
5000,7,3,5,32,0.0064,0.002083,14991
5000,7,4,5,35,0.007,0.001917,14991
5000,7,5,5,38,0.0076,0.002125,14991
5000,7,6,5,38,0.0076,0.002458,14991
5000,7,7,5,38,0.0076,0.002292,14991
5000,7,8,5,32,0.0064,0.001875,14991
5000,7,9,5,32,0.0064,0.001708,14991
5000,8,0,5,37,0.0074,0.004792,14991
5000,8,1,5,35,0.007,0.002667,14991
5000,8,2,5,31,0.0062,0.002333,14991
5000,8,3,5,31,0.0062,0.002042,14991
5000,8,4,5,36,0.0072,0.001917,14991
5000,8,5,5,33,0.0066,0.001833,14991
5000,8,6,5,34,0.0068,0.001875,14991
5000,8,7,5,38,0.0076,0.002291,14991
5000,8,8,5,34,0.0068,0.002083,14991
5000,8,9,5,42,0.0084,0.00225,14991
5000,9,0,5,37,0.0074,0.003542,14992
5000,9,1,5,35,0.007,0.002292,14992
5000,9,2,5,29,0.0058,0.001917,14992
5000,9,3,5,34,0.0068,0.002083,14992
5000,9,4,5,34,0.0068,0.001917,14992
5000,9,5,5,34,0.0068,0.002,14992
5000,9,6,5,32,0.0064,0.001959,14992
5000,9,7,5,34,0.0068,0.001916,14992
5000,9,8,5,36,0.0072,0.002209,14992
5000,9,9,5,32,0.0064,0.001958,14992
5000,10,0,5,36,0.0072,0.003834,14989
5000,10,1,5,40,0.008,0.003166,14989
5000,10,2,5,36,0.0072,0.002459,14989
5000,10,3,5,29,0.0058,0.002459,14989
5000,10,4,5,37,0.0074,0.002041,14989
5000,10,5,5,31,0.0062,0.001792,14989
5000,10,6,5,33,0.0066,0.002083,14989
5000,10,7,5,36,0.0072,0.001917,14989
5000,10,8,5,37,0.0074,0.002084,14989
5000,10,9,5,38,0.0076,0.002166,14989
5000,11,0,5,37,0.0074,0.004292,14991
5000,11,1,5,42,0.0084,0.002792,14991
5000,11,2,5,34,0.0068,0.002291,14991
5000,11,3,5,32,0.0064,0.002,14991
5000,11,4,5,36,0.0072,0.002125,14991
5000,11,5,5,36,0.0072,0.001958,14991
5000,11,6,5,32,0.0064,0.001833,14991
5000,11,7,5,39,0.0078,0.002167,14991
5000,11,8,5,34,0.0068,0.002125,14991
5000,11,9,5,33,0.0066,0.001916,14991
5000,12,0,5,37,0.0074,0.005375,14991
5000,12,1,5,37,0.0074,0.002917,14991
5000,12,2,5,36,0.0072,0.002583,14991
5000,12,3,5,35,0.007,0.00225,14991
5000,12,4,5,33,0.0066,0.002334,14991
5000,12,5,5,29,0.0058,0.002125,14991
5000,12,6,5,33,0.0066,0.002166,14991
5000,12,7,5,37,0.0074,0.002333,14991
5000,12,8,5,37,0.0074,0.002125,14991
5000,12,9,5,42,0.0084,0.002541,14991
5000,13,0,5,38,0.0076,0.004458,14990
5000,13,1,5,30,0.006,0.002291,14990
5000,13,2,5,38,0.0076,0.002291,14990
5000,13,3,5,35,0.007,0.002,14990
5000,13,4,5,33,0.0066,0.002125,14990
5000,13,5,5,38,0.0076,0.002292,14990
5000,13,6,5,40,0.008,0.00225,14990
5000,13,7,5,36,0.0072,0.002208,14990
5000,13,8,5,36,0.0072,0.001917,14990
5000,13,9,5,37,0.0074,0.002083,14990
5000,14,0,5,34,0.0068,0.004,14994
5000,14,1,5,32,0.0064,0.002458,14994
5000,14,2,5,34,0.0068,0.002125,14994
5000,14,3,5,41,0.0082,0.002333,14994
5000,14,4,5,39,0.0078,0.002166,14994
5000,14,5,5,35,0.007,0.002125,14994
5000,14,6,5,34,0.0068,0.001833,14994
5000,14,7,5,34,0.0068,0.001958,14994
5000,14,8,5,37,0.0074,0.001833,14994
5000,14,9,5,35,0.007,0.001792,14994
5000,15,0,5,31,0.0062,0.005792,14990
5000,15,1,5,34,0.0068,0.002666,14990
5000,15,2,5,35,0.007,0.002625,14990
5000,15,3,5,30,0.006,0.002375,14990
5000,15,4,5,28,0.0056,0.002125,14990
5000,15,5,5,33,0.0066,0.002125,14990
5000,15,6,5,36,0.0072,0.002334,14990
5000,15,7,5,37,0.0074,0.002,14990
5000,15,8,5,36,0.0072,0.002125,14990
5000,15,9,5,38,0.0076,0.002833,14990
5000,16,0,5,33,0.0066,0.004667,14987
5000,16,1,5,36,0.0072,0.002667,14987
5000,16,2,5,33,0.0066,0.0025,14987
5000,16,3,5,36,0.0072,0.002166,14987
5000,16,4,5,31,0.0062,0.001958,14987
5000,16,5,5,29,0.0058,0.001875,14987
5000,16,6,5,35,0.007,0.00175,14987
5000,16,7,5,32,0.0064,0.002,14987
5000,16,8,5,32,0.0064,0.001833,14987
5000,16,9,5,32,0.0064,0.001791,14987
5000,17,0,5,34,0.0068,0.003875,14992
5000,17,1,5,33,0.0066,0.002209,14992
5000,17,2,5,30,0.006,0.002084,14992
5000,17,3,5,34,0.0068,0.001833,14992
5000,17,4,5,34,0.0068,0.001875,14992
5000,17,5,5,27,0.0054,0.001625,14992
5000,17,6,5,35,0.007,0.001875,14992
5000,17,7,5,36,0.0072,0.002,14992
5000,17,8,5,31,0.0062,0.002,14992
5000,17,9,5,38,0.0076,0.002375,14992
5000,18,0,5,37,0.0074,0.004167,14990
5000,18,1,5,38,0.0076,0.002625,14990
5000,18,2,5,39,0.0078,0.002542,14990
5000,18,3,5,44,0.0088,0.002334,14990
5000,18,4,5,35,0.007,0.002125,14990
5000,18,5,5,32,0.0064,0.001916,14990
5000,18,6,5,32,0.0064,0.001792,14990
5000,18,7,5,35,0.007,0.001916,14990
5000,18,8,5,32,0.0064,0.001875,14990
5000,18,9,5,40,0.008,0.002291,14990
5000,19,0,5,35,0.007,0.004708,14988
5000,19,1,5,34,0.0068,0.003208,14988
5000,19,2,5,32,0.0064,0.002,14988
5000,19,3,5,33,0.0066,0.002584,14988
5000,19,4,5,35,0.007,0.001958,14988
5000,19,5,5,36,0.0072,0.001959,14988
5000,19,6,5,35,0.007,0.001917,14988
5000,19,7,5,35,0.007,0.001833,14988
5000,19,8,5,36,0.0072,0.00175,14988
5000,19,9,5,35,0.007,0.001959,14988
10000,0,0,10,74,0.0074,0.005042,29996
10000,0,1,10,70,0.007,0.003917,29996
10000,0,2,10,75,0.0075,0.003667,29996
10000,0,3,10,65,0.0065,0.003167,29996
10000,0,4,10,65,0.0065,0.003333,29996
10000,0,5,10,70,0.007,0.003542,29996
10000,0,6,10,70,0.007,0.003542,29996
10000,0,7,10,66,0.0066,0.003459,29996
10000,0,8,10,71,0.0071,0.003334,29996
10000,0,9,10,69,0.0069,0.003375,29996
10000,1,0,10,66,0.0066,0.006167,29992
10000,1,1,10,72,0.0072,0.004125,29992
10000,1,2,10,80,0.008,0.006042,29992
10000,1,3,10,69,0.0069,0.00375,29992
10000,1,4,10,71,0.0071,0.003542,29992
10000,1,5,10,65,0.0065,0.003292,29992
10000,1,6,10,62,0.0062,0.00375,29992
10000,1,7,10,66,0.0066,0.003291,29992
10000,1,8,10,66,0.0066,0.003333,29992
10000,1,9,10,68,0.0068,0.003291,29992
10000,2,0,10,76,0.0076,0.005667,29994
10000,2,1,10,71,0.0071,0.003875,29994
10000,2,2,10,72,0.0072,0.00375,29994
10000,2,3,10,65,0.0065,0.0035,29994
10000,2,4,10,66,0.0066,0.003083,29994
10000,2,5,10,67,0.0067,0.003292,29994
10000,2,6,10,74,0.0074,0.003167,29994
10000,2,7,10,68,0.0068,0.003125,29994
10000,2,8,10,72,0.0072,0.003083,29994
10000,2,9,10,69,0.0069,0.003041,29994
10000,3,0,10,64,0.0064,0.004666,29986
10000,3,1,10,72,0.0072,0.003875,29986
10000,3,2,10,70,0.007,0.003417,29986
10000,3,3,10,68,0.0068,0.003458,29986
10000,3,4,10,68,0.0068,0.003333,29986
10000,3,5,10,68,0.0068,0.003292,29986
10000,3,6,10,64,0.0064,0.003084,29986
10000,3,7,10,75,0.0075,0.003292,29986
10000,3,8,10,67,0.0067,0.00325,29986
10000,3,9,10,67,0.0067,0.00325,29986
10000,4,0,10,70,0.007,0.004583,29983
10000,4,1,10,68,0.0068,0.003833,29983
10000,4,2,10,64,0.0064,0.003375,29983
10000,4,3,10,75,0.0075,0.003292,29983
10000,4,4,10,68,0.0068,0.003417,29983
10000,4,5,10,65,0.0065,0.003292,29983
10000,4,6,10,70,0.007,0.003667,29983
10000,4,7,10,73,0.0073,0.003333,29983
10000,4,8,10,69,0.0069,0.003292,29983
10000,4,9,10,69,0.0069,0.003375,29983
10000,5,0,10,73,0.0073,0.004167,29991
10000,5,1,10,65,0.0065,0.003625,29991
10000,5,2,10,70,0.007,0.003291,29991
10000,5,3,10,70,0.007,0.003459,29991
10000,5,4,10,69,0.0069,0.00325,29991
10000,5,5,10,62,0.0062,0.003125,29991
10000,5,6,10,62,0.0062,0.003292,29991
10000,5,7,10,67,0.0067,0.003333,29991
10000,5,8,10,64,0.0064,0.003166,29991
10000,5,9,10,65,0.0065,0.003292,29991
10000,6,0,10,67,0.0067,0.005417,29989
10000,6,1,10,77,0.0077,0.005,29989
10000,6,2,10,68,0.0068,0.003625,29989
10000,6,3,10,68,0.0068,0.00325,29989
10000,6,4,10,67,0.0067,0.003458,29989
10000,6,5,10,64,0.0064,0.003208,29989
10000,6,6,10,71,0.0071,0.003291,29989
10000,6,7,10,65,0.0065,0.00325,29989
10000,6,8,10,65,0.0065,0.003083,29989
10000,6,9,10,61,0.0061,0.003042,29989
10000,7,0,10,78,0.0078,0.005584,29981
10000,7,1,10,66,0.0066,0.003958,29981
10000,7,2,10,76,0.0076,0.003583,29981
10000,7,3,10,79,0.0079,0.004,29981
10000,7,4,10,73,0.0073,0.003625,29981
10000,7,5,10,75,0.0075,0.0035,29981
10000,7,6,10,63,0.0063,0.003209,29981
10000,7,7,10,60,0.006,0.003042,29981
10000,7,8,10,75,0.0075,0.003375,29981
10000,7,9,10,72,0.0072,0.00325,29981
10000,8,0,10,71,0.0071,0.005417,29985
10000,8,1,10,65,0.0065,0.003667,29985
10000,8,2,10,67,0.0067,0.003375,29985
10000,8,3,10,69,0.0069,0.003208,29985
10000,8,4,10,68,0.0068,0.003291,29985
10000,8,5,10,69,0.0069,0.004541,29985
10000,8,6,10,67,0.0067,0.003958,29985
10000,8,7,10,66,0.0066,0.003458,29985
10000,8,8,10,71,0.0071,0.003291,29985
10000,8,9,10,71,0.0071,0.003375,29985
10000,9,0,10,66,0.0066,0.004125,29994
10000,9,1,10,62,0.0062,0.003708,29994
10000,9,2,10,77,0.0077,0.004167,29994
10000,9,3,10,65,0.0065,0.00375,29994
10000,9,4,10,73,0.0073,0.003125,29994
10000,9,5,10,67,0.0067,0.003333,29994
10000,9,6,10,78,0.0078,0.003917,29994
10000,9,7,10,73,0.0073,0.003625,29994
10000,9,8,10,69,0.0069,0.003291,29994
10000,9,9,10,66,0.0066,0.003458,29994
10000,10,0,10,61,0.0061,0.00425,29989
10000,10,1,10,69,0.0069,0.00375,29989
10000,10,2,10,67,0.0067,0.003333,29989
10000,10,3,10,75,0.0075,0.0035,29989
10000,10,4,10,77,0.0077,0.003875,29989
10000,10,5,10,70,0.007,0.003834,29989
10000,10,6,10,65,0.0065,0.00325,29989
10000,10,7,10,67,0.0067,0.00325,29989
10000,10,8,10,62,0.0062,0.003,29989
10000,10,9,10,69,0.0069,0.003125,29989
10000,11,0,10,75,0.0075,0.003959,29992
10000,11,1,10,70,0.007,0.003875,29992
10000,11,2,10,75,0.0075,0.0035,29992
10000,11,3,10,71,0.0071,0.003167,29992
10000,11,4,10,64,0.0064,0.00325,29992
10000,11,5,10,71,0.0071,0.003208,29992
10000,11,6,10,72,0.0072,0.003292,29992
10000,11,7,10,67,0.0067,0.003208,29992
10000,11,8,10,62,0.0062,0.002958,29992
10000,11,9,10,67,0.0067,0.003125,29992
10000,12,0,10,70,0.007,0.005,29993
10000,12,1,10,69,0.0069,0.003667,29993
10000,12,2,10,74,0.0074,0.003375,29993
10000,12,3,10,67,0.0067,0.003291,29993
10000,12,4,10,67,0.0067,0.00325,29993
10000,12,5,10,77,0.0077,0.00675,29993
10000,12,6,10,78,0.0078,0.004166,29993
10000,12,7,10,68,0.0068,0.003584,29993
10000,12,8,10,70,0.007,0.00325,29993
10000,12,9,10,70,0.007,0.003167,29993
10000,13,0,10,67,0.0067,0.009208,29990
10000,13,1,10,63,0.0063,0.004166,29990
10000,13,2,10,66,0.0066,0.003875,29990
10000,13,3,10,79,0.0079,0.00475,29990
10000,13,4,10,75,0.0075,0.004458,29990
10000,13,5,10,70,0.007,0.004042,29990
10000,13,6,10,68,0.0068,0.003958,29990
10000,13,7,10,68,0.0068,0.003583,29990
10000,13,8,10,66,0.0066,0.003583,29990
10000,13,9,10,72,0.0072,0.003708,29990
10000,14,0,10,66,0.0066,0.00775,29994
10000,14,1,10,68,0.0068,0.004167,29994
10000,14,2,10,77,0.0077,0.004875,29994
10000,14,3,10,74,0.0074,0.003917,29994
10000,14,4,10,66,0.0066,0.0035,29994
10000,14,5,10,69,0.0069,0.003792,29994
10000,14,6,10,75,0.0075,0.003375,29994
10000,14,7,10,76,0.0076,0.003417,29994
10000,14,8,10,70,0.007,0.003542,29994
10000,14,9,10,64,0.0064,0.003459,29994
10000,15,0,10,66,0.0066,0.005959,29988
10000,15,1,10,66,0.0066,0.003708,29988
10000,15,2,10,78,0.0078,0.004542,29988
10000,15,3,10,69,0.0069,0.004041,29988
10000,15,4,10,64,0.0064,0.003292,29988
10000,15,5,10,67,0.0067,0.003166,29988
10000,15,6,10,75,0.0075,0.003292,29988
10000,15,7,10,62,0.0062,0.003417,29988
10000,15,8,10,70,0.007,0.003666,29988
10000,15,9,10,69,0.0069,0.003333,29988
10000,16,0,10,68,0.0068,0.006334,29992
10000,16,1,10,77,0.0077,0.004833,29992
10000,16,2,10,78,0.0078,0.004583,29992
10000,16,3,10,68,0.0068,0.003667,29992
10000,16,4,10,74,0.0074,0.003583,29992
10000,16,5,10,62,0.0062,0.003333,29992
10000,16,6,10,68,0.0068,0.00325,29992
10000,16,7,10,66,0.0066,0.003417,29992
10000,16,8,10,71,0.0071,0.0035,29992
10000,16,9,10,70,0.007,0.003541,29992
10000,17,0,10,71,0.0071,0.006459,29988
10000,17,1,10,81,0.0081,0.005375,29988
10000,17,2,10,74,0.0074,0.004166,29988
10000,17,3,10,70,0.007,0.003625,29988
10000,17,4,10,68,0.0068,0.003667,29988
10000,17,5,10,66,0.0066,0.003459,29988
10000,17,6,10,68,0.0068,0.003333,29988
10000,17,7,10,70,0.007,0.003917,29988
10000,17,8,10,67,0.0067,0.003667,29988
10000,17,9,10,70,0.007,0.003792,29988
10000,18,0,10,70,0.007,0.007125,29992
10000,18,1,10,63,0.0063,0.004125,29992
10000,18,2,10,63,0.0063,0.003708,29992
10000,18,3,10,68,0.0068,0.003625,29992
10000,18,4,10,68,0.0068,0.003875,29992
10000,18,5,10,73,0.0073,0.003792,29992
10000,18,6,10,78,0.0078,0.004917,29992
10000,18,7,10,73,0.0073,0.003875,29992
10000,18,8,10,68,0.0068,0.003541,29992
10000,18,9,10,69,0.0069,0.003334,29992
10000,19,0,10,73,0.0073,0.006,29989
10000,19,1,10,67,0.0067,0.004125,29989
10000,19,2,10,69,0.0069,0.003708,29989
10000,19,3,10,68,0.0068,0.003625,29989
10000,19,4,10,69,0.0069,0.0035,29989
10000,19,5,10,70,0.007,0.003583,29989
10000,19,6,10,66,0.0066,0.003625,29989
10000,19,7,10,67,0.0067,0.00325,29989
10000,19,8,10,69,0.0069,0.003542,29989
10000,19,9,10,72,0.0072,0.003583,29989
